Fund Holdings as of,"06/Jul/2026"
 
Ticker,Name,Sector,Asset Class,Market Value,Weight (%),Notional Value,Shares,Price,Location,Exchange,Market Currency
"700","TENCENT HOLDINGS LTD","Communication","Equity","390,765,491.92","14.59","390,765,491.92","6,780,300.00","57.63","China","Hong Kong Exchanges And Clearing Ltd","HKD"
"9988","ALIBABA GROUP HOLDING LTD","Consumer Discretionary","Equity","225,658,329.22","8.42","225,658,329.22","18,444,952.00","12.23","China","Hong Kong Exchanges And Clearing Ltd","HKD"
"939","CHINA CONSTRUCTION BANK CORP H","Financials","Equity","92,763,082.06","3.46","92,763,082.06","92,678,000.00","1.00","China","Hong Kong Exchanges And Clearing Ltd","HKD"
"1398","INDUSTRIAL AND COMMERCIAL BANK OF","Financials","Equity","58,706,913.35","2.19","58,706,913.35","71,606,000.00","0.82","China","Hong Kong Exchanges And Clearing Ltd","HKD"
"1810","XIAOMI CORP","Information Technology","Equity","56,080,614.07","2.09","56,080,614.07","18,893,000.00","2.97","China","Hong Kong Exchanges And Clearing Ltd","HKD"
"3690","MEITUAN","Consumer Discretionary","Equity","53,083,881.27","1.98","53,083,881.27","5,554,720.00","9.56","China","Hong Kong Exchanges And Clearing Ltd","HKD"
"PDD","PDD HOLDINGS ADS INC","Consumer Discretionary","Equity","52,280,305.58","1.95","52,280,305.58","624,317.00","83.74","China","NASDAQ","USD"
"9999","NETEASE INC","Communication","Equity","51,396,768.25","1.92","51,396,768.25","1,934,235.00","26.57","China","Hong Kong Exchanges And Clearing Ltd","HKD"
"2318","PING AN INSURANCE (GROUP) CO OF CH","Financials","Equity","48,360,027.67","1.81","48,360,027.67","7,176,500.00","6.74","China","Hong Kong Exchanges And Clearing Ltd","HKD"
"3988","BANK OF CHINA LTD H","Financials","Equity","45,221,762.64","1.69","45,221,762.64","73,582,000.00","0.61","China","Hong Kong Exchanges And Clearing Ltd","HKD"
"1211","BYD LTD H","Consumer Discretionary","Equity","43,301,866.68","1.62","43,301,866.68","4,052,600.00","10.68","China","Hong Kong Exchanges And Clearing Ltd","HKD"
"9618","JD.COM CLASS A INC","Consumer Discretionary","Equity","33,902,132.02","1.27","33,902,132.02","2,520,262.00","13.45","China","Hong Kong Exchanges And Clearing Ltd","HKD"
"9888","BAIDU CLASS A INC","Communication","Equity","32,422,369.31","1.21","32,422,369.31","2,301,196.00","14.09","China","Hong Kong Exchanges And Clearing Ltd","HKD"
"2628","CHINA LIFE INSURANCE LTD H","Financials","Equity","30,811,791.71","1.15","30,811,791.71","8,186,000.00","3.76","China","Hong Kong Exchanges And Clearing Ltd","HKD"
"9961","TRIP.COM GROUP LTD","Consumer Discretionary","Equity","26,870,311.19","1.00","26,870,311.19","647,629.00","41.49","China","Hong Kong Exchanges And Clearing Ltd","HKD"
"857","PETROCHINA LTD H","Energy","Equity","26,436,438.52","0.99","26,436,438.52","23,270,000.00","1.14","China","Hong Kong Exchanges And Clearing Ltd","HKD"
"2899","ZIJIN MINING GROUP LTD H","Materials","Equity","26,271,841.69","0.98","26,271,841.69","6,604,000.00","3.98","China","Hong Kong Exchanges And Clearing Ltd","HKD"
"3968","CHINA MERCHANTS BANK LTD H","Financials","Equity","24,117,815.07","0.90","24,117,815.07","4,170,000.00","5.78","China","Hong Kong Exchanges And Clearing Ltd","HKD"
"992","LENOVO GROUP LTD","Information Technology","Equity","21,386,632.33","0.80","21,386,632.33","8,198,000.00","2.61","China","Hong Kong Exchanges And Clearing Ltd","HKD"
"6160","BEONE MEDICINES AG","Health Care","Equity","21,342,106.45","0.80","21,342,106.45","878,645.00","24.29","China","Hong Kong Exchanges And Clearing Ltd","HKD"
"1288","AGRICULTURAL BANK OF CHINA LTD H","Financials","Equity","20,038,876.42","0.75","20,038,876.42","29,653,000.00","0.68","China","Hong Kong Exchanges And Clearing Ltd","HKD"
"1088","CHINA SHENHUA ENERGY LTD H","Energy","Equity","19,362,477.69","0.72","19,362,477.69","3,702,000.00","5.23","China","Hong Kong Exchanges And Clearing Ltd","HKD"
"2269","WUXI BIOLOGICS CAYMAN INC","Health Care","Equity","18,710,103.53","0.70","18,710,103.53","3,882,000.00","4.82","China","Hong Kong Exchanges And Clearing Ltd","HKD"
"1347","HUA HONG GRACE SEMICONDUCTOR LTD","Information Technology","Equity","18,292,956.60","0.68","18,292,956.60","806,000.00","22.70","China","Hong Kong Exchanges And Clearing Ltd","HKD"
"HKD","HKD CASH","Cash and/or Derivatives","Cash","18,193,395.50","0.68","18,193,395.50","142,687,162.00","12.75","Hong Kong","-","HKD"
"1801","INNOVENT BIOLOGICS INC","Health Care","Equity","18,185,851.99","0.68","18,185,851.99","1,576,000.00","11.54","China","Hong Kong Exchanges And Clearing Ltd","HKD"
"175","GEELY AUTOMOBILE HOLDINGS LTD","Consumer Discretionary","Equity","16,998,174.12","0.63","16,998,174.12","7,152,000.00","2.38","China","Hong Kong Exchanges And Clearing Ltd","HKD"
"1024","KUAISHOU TECHNOLOGY","Communication","Equity","16,447,340.24","0.61","16,447,340.24","2,804,200.00","5.87","China","Hong Kong Exchanges And Clearing Ltd","HKD"
"3750","CONTEMPORARY AMPEREX TECHNOLOGY LT","Industrials","Equity","16,370,377.93","0.61","16,370,377.93","192,200.00","85.17","China","Hong Kong Exchanges And Clearing Ltd","HKD"
"300750","CONTEMPORARY AMPEREX TECHNOLOGY LT","Industrials","Equity","15,985,244.79","0.60","15,985,244.79","290,181.00","55.09","China","Shenzhen Stock Exchange","CNY"
"9987","YUM CHINA HOLDINGS INC","Consumer Discretionary","Equity","15,730,469.07","0.59","15,730,469.07","367,613.00","42.79","China","Hong Kong Exchanges And Clearing Ltd","HKD"
"600519","KWEICHOW MOUTAI LTD A","Consumer Staples","Equity","14,629,378.95","0.55","14,629,378.95","82,407.00","177.53","China","Shanghai Stock Exchange","CNY"
"2328","PICC PROPERTY AND CASUALTY LTD H","Financials","Equity","14,359,973.48","0.54","14,359,973.48","7,584,000.00","1.89","China","Hong Kong Exchanges And Clearing Ltd","HKD"
"2020","ANTA SPORTS PRODUCTS LTD","Consumer Discretionary","Equity","13,076,541.54","0.49","13,076,541.54","1,376,600.00","9.50","China","Hong Kong Exchanges And Clearing Ltd","HKD"
"386","CHINA PETROLEUM AND CHEMICAL CORP","Energy","Equity","12,952,210.95","0.48","12,952,210.95","24,776,000.00","0.52","China","Hong Kong Exchanges And Clearing Ltd","HKD"
"1109","CHINA RESOURCES LAND LTD","Real Estate","Equity","12,837,067.12","0.48","12,837,067.12","3,132,500.00","4.10","China","Hong Kong Exchanges And Clearing Ltd","HKD"
"300308","ZHONGJI INNOLIGHT LTD A","Information Technology","Equity","11,854,790.49","0.44","11,854,790.49","73,340.00","161.64","China","Shenzhen Stock Exchange","CNY"
"2423","KE HOLDINGS INC","Real Estate","Equity","11,232,419.68","0.42","11,232,419.68","2,205,649.00","5.09","China","Hong Kong Exchanges And Clearing Ltd","HKD"
"9992","POP MART INTERNATIONAL GROUP LTD","Consumer Discretionary","Equity","10,790,322.33","0.40","10,790,322.33","554,200.00","19.47","China","Hong Kong Exchanges And Clearing Ltd","HKD"
"1888","KINGBOARD LAMINATES HOLDINGS LTD","Information Technology","Equity","10,560,357.91","0.39","10,560,357.91","1,121,500.00","9.42","China","Hong Kong Exchanges And Clearing Ltd","HKD"
"2601","CHINA PACIFIC INSURANCE (GROUP) LT","Financials","Equity","10,425,248.13","0.39","10,425,248.13","2,891,200.00","3.61","China","Hong Kong Exchanges And Clearing Ltd","HKD"
"9633","NONGFU SPRING LTD H","Consumer Staples","Equity","10,334,682.51","0.39","10,334,682.51","1,951,200.00","5.30","China","Hong Kong Exchanges And Clearing Ltd","HKD"
"2338","WEICHAI POWER LTD H","Industrials","Equity","10,226,857.75","0.38","10,226,857.75","2,140,000.00","4.78","China","Hong Kong Exchanges And Clearing Ltd","HKD"
"2057","ZTO EXPRESS (CAYMAN) INC","Industrials","Equity","9,752,517.72","0.36","9,752,517.72","417,962.00","23.33","China","Hong Kong Exchanges And Clearing Ltd","HKD"
"1378","CHINA HONGQIAO GROUP LTD","Materials","Equity","9,705,812.97","0.36","9,705,812.97","3,540,500.00","2.74","China","Hong Kong Exchanges And Clearing Ltd","HKD"
"6869","YANGTZE OPTICAL FIBRE AND CABLE JO","Information Technology","Equity","9,687,165.30","0.36","9,687,165.30","443,000.00","21.87","China","Hong Kong Exchanges And Clearing Ltd","HKD"
"9866","NIO CLASS A INC","Consumer Discretionary","Equity","9,561,414.09","0.36","9,561,414.09","1,938,683.00","4.93","China","Hong Kong Exchanges And Clearing Ltd","HKD"
"1093","CSPC PHARMACEUTICAL GROUP LTD","Health Care","Equity","9,243,859.44","0.35","9,243,859.44","8,808,960.00","1.05","China","Hong Kong Exchanges And Clearing Ltd","HKD"
"9926","AKESO INC","Health Care","Equity","9,224,894.17","0.34","9,224,894.17","710,000.00","12.99","China","Hong Kong Exchanges And Clearing Ltd","HKD"
"9868","XPENG CLASS A INC","Consumer Discretionary","Equity","9,221,552.75","0.34","9,221,552.75","1,368,454.00","6.74","China","Hong Kong Exchanges And Clearing Ltd","HKD"
"2359","WUXI APPTEC LTD H","Health Care","Equity","8,861,128.68","0.33","8,861,128.68","446,920.00","19.83","China","Hong Kong Exchanges And Clearing Ltd","HKD"
"HTHT","H WORLD GROUP ADR LTD","Consumer Discretionary","Equity","8,481,690.63","0.32","8,481,690.63","201,609.00","42.07","China","NASDAQ","USD"
"688256","CAMBRICON TECHNOLOGIES CORPORATION","Information Technology","Equity","8,360,542.21","0.31","8,360,542.21","41,496.00","201.48","China","Shanghai Stock Exchange","CNY"
"3993","CMOC GROUP LTD","Materials","Equity","8,223,384.51","0.31","8,223,384.51","4,041,000.00","2.03","China","Hong Kong Exchanges And Clearing Ltd","HKD"
"2015","LI AUTO CLASS A INC","Consumer Discretionary","Equity","7,856,437.70","0.29","7,856,437.70","1,331,960.00","5.90","China","Hong Kong Exchanges And Clearing Ltd","HKD"
"688041","HYGON INFORMATION TECHNOLOGY LTD A","Information Technology","Equity","7,655,211.92","0.29","7,655,211.92","153,522.00","49.86","China","Shanghai Stock Exchange","CNY"
"600036","CHINA MERCHANTS BANK LTD A","Financials","Equity","7,492,461.56","0.28","7,492,461.56","1,350,053.00","5.55","China","Shanghai Stock Exchange","CNY"
"998","CHINA CITIC BANK CORP LTD H","Financials","Equity","7,441,627.99","0.28","7,441,627.99","8,685,000.00","0.86","China","Hong Kong Exchanges And Clearing Ltd","HKD"
"2319","CHINA MENGNIU DAIRY LTD","Consumer Staples","Equity","7,343,359.51","0.27","7,343,359.51","3,291,000.00","2.23","China","Hong Kong Exchanges And Clearing Ltd","HKD"
"3328","BANK OF COMMUNICATIONS LTD H","Financials","Equity","7,298,849.90","0.27","7,298,849.90","8,634,000.00","0.85","China","Hong Kong Exchanges And Clearing Ltd","HKD"
"1177","SINO BIOPHARMACEUTICAL LTD","Health Care","Equity","7,096,773.47","0.26","7,096,773.47","11,021,500.00","0.64","China","Hong Kong Exchanges And Clearing Ltd","HKD"
"9901","NEW ORIENTAL EDUCATION & TECHNOLOG","Consumer Discretionary","Equity","6,866,366.65","0.26","6,866,366.65","1,429,940.00","4.80","China","Hong Kong Exchanges And Clearing Ltd","HKD"
"300502","EOPTOLINK TECHNOLOGY INC LTD A","Information Technology","Equity","6,853,471.94","0.26","6,853,471.94","91,920.00","74.56","China","Shenzhen Stock Exchange","CNY"
"688","CHINA OVERSEAS LAND INVESTMENT LTD","Real Estate","Equity","6,684,279.85","0.25","6,684,279.85","4,180,500.00","1.60","China","Hong Kong Exchanges And Clearing Ltd","HKD"
"6690","HAIER SMART HOME CLASS H LTD H","Consumer Discretionary","Equity","6,637,707.96","0.25","6,637,707.96","2,495,600.00","2.66","China","Hong Kong Exchanges And Clearing Ltd","HKD"
"YMM","FULL TRUCK ALLIANCE ADR LTD CLASS","Industrials","Equity","6,604,658.61","0.25","6,604,658.61","761,783.00","8.67","China","New York Stock Exchange Inc.","USD"
"267","CITIC LTD","Industrials","Equity","6,536,594.07","0.24","6,536,594.07","4,760,000.00","1.37","China","Hong Kong Exchanges And Clearing Ltd","HKD"
"601138","FOXCONN INDUSTRIAL INTERNET LTD A","Information Technology","Equity","6,505,382.83","0.24","6,505,382.83","695,500.00","9.35","China","Shanghai Stock Exchange","CNY"
"600900","CHINA YANGTZE POWER LTD A","Utilities","Equity","6,420,255.52","0.24","6,420,255.52","1,605,300.00","4.00","China","Shanghai Stock Exchange","CNY"
"1336","NEW CHINA LIFE INSURANCE COMPANY L","Financials","Equity","6,397,031.16","0.24","6,397,031.16","1,018,900.00","6.28","China","Hong Kong Exchanges And Clearing Ltd","HKD"
"6030","CITIC SECURITIES COMPANY LTD H","Financials","Equity","6,314,257.98","0.24","6,314,257.98","1,749,875.00","3.61","China","Hong Kong Exchanges And Clearing Ltd","HKD"
"1339","THE PEOPLES INSURANCE CO (GROUP)","Financials","Equity","6,197,977.76","0.23","6,197,977.76","9,550,000.00","0.65","China","Hong Kong Exchanges And Clearing Ltd","HKD"
"3692","HANSOH PHARMACEUTICAL GROUP LTD","Health Care","Equity","5,927,046.46","0.22","5,927,046.46","1,368,000.00","4.33","China","Hong Kong Exchanges And Clearing Ltd","HKD"
"002371","NAURA TECHNOLOGY GROUP LTD A","Information Technology","Equity","5,746,771.34","0.21","5,746,771.34","48,618.00","118.20","China","Shenzhen Stock Exchange","CNY"
"601899","ZIJIN MINING GROUP LTD A","Materials","Equity","5,652,364.41","0.21","5,652,364.41","1,358,826.00","4.16","China","Shanghai Stock Exchange","CNY"
"3908","CHINA INTERNATIONAL CAPITAL CORP L","Financials","Equity","5,644,030.19","0.21","5,644,030.19","1,950,000.00","2.89","China","Hong Kong Exchanges And Clearing Ltd","HKD"
"788","CHINA TOWER CORP LTD H","Communication","Equity","5,570,419.75","0.21","5,570,419.75","4,848,800.00","1.15","China","Hong Kong Exchanges And Clearing Ltd","HKD"
"TME","TENCENT MUSIC ENTERTAINMENT GROUP","Communication","Equity","5,499,368.82","0.21","5,499,368.82","627,066.00","8.77","China","New York Stock Exchange Inc.","USD"
"6618","JD HEALTH INTERNATIONAL INC","Consumer Staples","Equity","5,475,662.52","0.20","5,475,662.52","1,136,700.00","4.82","China","Hong Kong Exchanges And Clearing Ltd","HKD"
"BZ","KANZHUN AMERICAN DEPOSITORY SHARES","Industrials","Equity","5,466,783.37","0.20","5,466,783.37","399,911.00","13.67","China","NASDAQ","USD"
"1658","POSTAL SAVINGS BANK OF CHINA LTD H","Financials","Equity","5,384,834.50","0.20","5,384,834.50","9,221,000.00","0.58","China","Hong Kong Exchanges And Clearing Ltd","HKD"
"2259","ZIJIN GOLD INTERNATIONAL LTD","Materials","Equity","5,259,486.41","0.20","5,259,486.41","383,000.00","13.73","China","Hong Kong Exchanges And Clearing Ltd","HKD"
"1171","YANKUANG ENERGY GROUP COMPANY LTD","Energy","Equity","5,249,873.90","0.20","5,249,873.90","3,614,900.00","1.45","China","Hong Kong Exchanges And Clearing Ltd","HKD"
"300","MIDEA GROUP LTD CLASS H","Consumer Discretionary","Equity","5,241,655.40","0.20","5,241,655.40","465,300.00","11.27","China","Hong Kong Exchanges And Clearing Ltd","HKD"
"20","SENSETIME GROUP CLASS B INC","Information Technology","Equity","5,210,636.51","0.19","5,210,636.51","30,497,000.00","0.17","China","Hong Kong Exchanges And Clearing Ltd","HKD"
"1530","3SBIO INC","Health Care","Equity","5,184,401.62","0.19","5,184,401.62","2,090,500.00","2.48","China","Hong Kong Exchanges And Clearing Ltd","HKD"
"601318","PING AN INSURANCE (GROUP) OF CHINA","Financials","Equity","5,170,281.70","0.19","5,170,281.70","701,600.00","7.37","China","Shanghai Stock Exchange","CNY"
"291","CHINA RESOURCES BEER HOLDINGS LTD","Consumer Staples","Equity","5,127,877.80","0.19","5,127,877.80","1,767,000.00","2.90","China","Hong Kong Exchanges And Clearing Ltd","HKD"
"836","CHINA RESOURCES POWER LTD","Utilities","Equity","5,078,933.84","0.19","5,078,933.84","2,301,159.00","2.21","China","Hong Kong Exchanges And Clearing Ltd","HKD"
"3808","SINOTRUK (HONG KONG) LTD","Industrials","Equity","5,025,731.88","0.19","5,025,731.88","920,500.00","5.46","China","Hong Kong Exchanges And Clearing Ltd","HKD"
"2382","SUNNY OPTICAL TECHNOLOGY LTD","Information Technology","Equity","5,004,108.23","0.19","5,004,108.23","704,600.00","7.10","China","Hong Kong Exchanges And Clearing Ltd","HKD"
"USD","USD CASH","Cash and/or Derivatives","Cash","4,977,650.45","0.19","4,977,650.45","4,977,650.00","100.00","United States","-","USD"
"9626","BILIBILI INC","Communication","Equity","4,965,900.33","0.19","4,965,900.33","276,021.00","17.99","China","Hong Kong Exchanges And Clearing Ltd","HKD"
"1208","MMG LTD","Materials","Equity","4,932,520.02","0.18","4,932,520.02","5,343,200.00","0.92","China","Hong Kong Exchanges And Clearing Ltd","HKD"
"2331","LI NING LTD","Consumer Discretionary","Equity","4,902,381.80","0.18","4,902,381.80","2,529,500.00","1.94","China","Hong Kong Exchanges And Clearing Ltd","HKD"
"2313","SHENZHOU INTERNATIONAL GROUP LTD","Consumer Discretionary","Equity","4,884,094.97","0.18","4,884,094.97","914,200.00","5.34","China","Hong Kong Exchanges And Clearing Ltd","HKD"
"2099","CHINA GOLD INTERNATIONAL RESOURCES","Materials","Equity","4,876,564.49","0.18","4,876,564.49","261,600.00","18.64","China","Hong Kong Exchanges And Clearing Ltd","HKD"
"601288","AGRICULTURAL BANK OF CHINA LTD A","Financials","Equity","4,875,053.63","0.18","4,875,053.63","5,551,600.00","0.88","China","Shanghai Stock Exchange","CNY"
"2611","GUOTAI HAITONG SECURITIES CO LTD H","Financials","Equity","4,868,465.97","0.18","4,868,465.97","2,477,768.00","1.96","China","Hong Kong Exchanges And Clearing Ltd","HKD"
"002594","BYD LTD A","Consumer Discretionary","Equity","4,654,807.70","0.17","4,654,807.70","361,500.00","12.88","China","Shenzhen Stock Exchange","CNY"
"358","JIANGXI COPPER LTD H","Materials","Equity","4,630,499.31","0.17","4,630,499.31","1,161,000.00","3.99","China","Hong Kong Exchanges And Clearing Ltd","HKD"
"3606","FUYAO GLASS INDUSTRY GROUP LTD H","Consumer Discretionary","Equity","4,611,082.78","0.17","4,611,082.78","666,000.00","6.92","China","Hong Kong Exchanges And Clearing Ltd","HKD"
"9698","GDS HOLDINGS LTD CLASS A","Information Technology","Equity","4,496,993.42","0.17","4,496,993.42","1,209,500.00","3.72","China","Hong Kong Exchanges And Clearing Ltd","HKD"
"1919","COSCO SHIPPING HOLDINGS LTD H","Industrials","Equity","4,487,531.11","0.17","4,487,531.11","2,554,050.00","1.76","China","Hong Kong Exchanges And Clearing Ltd","HKD"
"1818","ZHAOJIN MINING INDUSTRY LTD H","Materials","Equity","4,466,807.77","0.17","4,466,807.77","1,838,000.00","2.43","China","Hong Kong Exchanges And Clearing Ltd","HKD"
"002475","LUXSHARE PRECISION INDUSTRY LTD A","Information Technology","Equity","4,412,097.74","0.16","4,412,097.74","477,030.00","9.25","China","Shenzhen Stock Exchange","CNY"
"2018","AAC TECHNOLOGIES HOLDINGS INC","Information Technology","Equity","4,332,563.63","0.16","4,332,563.63","858,500.00","5.05","China","Hong Kong Exchanges And Clearing Ltd","HKD"
"601398","INDUSTRIAL AND COMMERCIAL BANK OF","Financials","Equity","4,294,830.94","0.16","4,294,830.94","4,100,900.00","1.05","China","Shanghai Stock Exchange","CNY"
"603986","GIGADEVICE SEMICONDUCTOR INC A","Information Technology","Equity","4,261,907.55","0.16","4,261,907.55","44,284.00","96.24","China","Shanghai Stock Exchange","CNY"
"6990","SICHUAN KELUN-BIOTECH BIOPHARM LTD","Health Care","Equity","4,258,593.87","0.16","4,258,593.87","63,800.00","66.75","China","Hong Kong Exchanges And Clearing Ltd","HKD"
"2688","ENN ENERGY HOLDINGS LTD","Utilities","Equity","4,232,243.59","0.16","4,232,243.59","797,900.00","5.30","China","Hong Kong Exchanges And Clearing Ltd","HKD"
"966","CHINA TAIPING INSURANCE HLDGS LTD","Financials","Equity","4,133,931.76","0.15","4,133,931.76","1,580,000.00","2.62","China","Hong Kong Exchanges And Clearing Ltd","HKD"
"2600","ALUMINUM CORPORATION OF CHINA LTD","Materials","Equity","4,078,357.22","0.15","4,078,357.22","4,106,000.00","0.99","China","Hong Kong Exchanges And Clearing Ltd","HKD"
"168","TSINGTAO BREWERY LTD H","Consumer Staples","Equity","4,019,161.52","0.15","4,019,161.52","694,000.00","5.79","China","Hong Kong Exchanges And Clearing Ltd","HKD"
"VIPS","VIPSHOP HOLDINGS SPONSORED ADS REP","Consumer Discretionary","Equity","4,003,065.65","0.15","4,003,065.65","300,305.00","13.33","China","New York Stock Exchange Inc.","USD"
"002384","SUZHOU DONGSHAN PRECISION MANUFACT","Information Technology","Equity","3,965,234.41","0.15","3,965,234.41","120,100.00","33.02","China","Shenzhen Stock Exchange","CNY"
"688012","ADVANCED MICRO-FABRICATION EQUIPME","Information Technology","Equity","3,811,228.96","0.14","3,811,228.96","61,692.00","61.78","China","Shanghai Stock Exchange","CNY"
"1816","CGN POWER LTD H","Utilities","Equity","3,779,022.80","0.14","3,779,022.80","11,059,000.00","0.34","China","Hong Kong Exchanges And Clearing Ltd","HKD"
"1209","CHINA RESOURCES MIXC LIFESTYLE SER","Real Estate","Equity","3,680,199.93","0.14","3,680,199.93","741,600.00","4.96","China","Hong Kong Exchanges And Clearing Ltd","HKD"
"600183","SHENGYI TECHNOLOGY LTD A","Information Technology","Equity","3,657,913.38","0.14","3,657,913.38","161,200.00","22.69","China","Shanghai Stock Exchange","CNY"
"6881","CHINA GALAXY SECURITIES LTD H","Financials","Equity","3,606,361.25","0.13","3,606,361.25","3,817,000.00","0.94","China","Hong Kong Exchanges And Clearing Ltd","HKD"
"TAL","TAL EDUCATION GROUP ADR REPTG","Consumer Discretionary","Equity","3,599,440.83","0.13","3,599,440.83","363,213.00","9.91","China","New York Stock Exchange Inc.","USD"
"135","KUNLUN ENERGY LTD","Utilities","Equity","3,596,840.41","0.13","3,596,840.41","4,242,000.00","0.85","China","Hong Kong Exchanges And Clearing Ltd","HKD"
"601166","INDUSTRIAL BANK LTD A","Financials","Equity","3,576,779.01","0.13","3,576,779.01","1,421,200.00","2.52","China","Shanghai Stock Exchange","CNY"
"600030","CITIC SECURITIES LTD A","Financials","Equity","3,496,399.87","0.13","3,496,399.87","813,215.00","4.30","China","Shanghai Stock Exchange","CNY"
"600276","JIANGSU HENGRUI MEDICINE LTD A","Health Care","Equity","3,466,247.53","0.13","3,466,247.53","415,101.00","8.35","China","Shanghai Stock Exchange","CNY"
"601328","BANK OF COMMUNICATIONS LTD A","Financials","Equity","3,381,775.40","0.13","3,381,775.40","3,462,500.00","0.98","China","Shanghai Stock Exchange","CNY"
"1772","GANFENG LITHIUM LTD H","Materials","Equity","3,320,796.14","0.12","3,320,796.14","527,000.00","6.30","China","Hong Kong Exchanges And Clearing Ltd","HKD"
"3888","KINGSOFT LTD","Communication","Equity","3,301,851.38","0.12","3,301,851.38","1,122,000.00","2.94","China","Hong Kong Exchanges And Clearing Ltd","HKD"
"2268","WUXI XDC CAYMAN INC","Health Care","Equity","3,276,540.27","0.12","3,276,540.27","405,000.00","8.09","China","Hong Kong Exchanges And Clearing Ltd","HKD"
"1099","SINOPHARM GROUP LTD H","Health Care","Equity","3,273,551.28","0.12","3,273,551.28","1,489,200.00","2.20","China","Hong Kong Exchanges And Clearing Ltd","HKD"
"300059","EAST MONEY INFORMATION LTD A","Financials","Equity","3,207,185.06","0.12","3,207,185.06","1,029,464.00","3.12","China","Shenzhen Stock Exchange","CNY"
"9660","HORIZON ROBOTICS","Information Technology","Equity","3,151,953.89","0.12","3,151,953.89","5,505,600.00","0.57","China","Hong Kong Exchanges And Clearing Ltd","HKD"
"1519","J&T GLOBAL EXPRESS LTD","Industrials","Equity","3,150,699.75","0.12","3,150,699.75","2,539,600.00","1.24","China","Hong Kong Exchanges And Clearing Ltd","HKD"
"902","HUANENG POWER INTERNATIONAL INC H","Utilities","Equity","3,138,695.36","0.12","3,138,695.36","4,492,000.00","0.70","China","Hong Kong Exchanges And Clearing Ltd","HKD"
"322","TINGYI (CAYMAN ISLANDS) HOLDINGS C","Consumer Staples","Equity","3,075,294.54","0.11","3,075,294.54","2,142,000.00","1.44","China","Hong Kong Exchanges And Clearing Ltd","HKD"
"603993","CHINA MOLYBDENUM LTD A","Materials","Equity","3,065,447.10","0.11","3,065,447.10","1,138,200.00","2.69","China","Shanghai Stock Exchange","CNY"
"6886","HUATAI SECURITIES LTD H","Financials","Equity","3,042,858.16","0.11","3,042,858.16","1,409,600.00","2.16","China","Hong Kong Exchanges And Clearing Ltd","HKD"
"3998","BOSIDENG INTERNATIONAL LTD","Consumer Discretionary","Equity","3,014,739.63","0.11","3,014,739.63","5,140,000.00","0.59","China","Hong Kong Exchanges And Clearing Ltd","HKD"
"270","GUANGDONG INVESTMENT LTD","Utilities","Equity","2,976,727.70","0.11","2,976,727.70","3,084,000.00","0.97","China","Hong Kong Exchanges And Clearing Ltd","HKD"
"1988","CHINA MINSHENG BANKING CORP LTD H","Financials","Equity","2,969,903.61","0.11","2,969,903.61","7,189,000.00","0.41","China","Hong Kong Exchanges And Clearing Ltd","HKD"
"603259","WUXI APPTEC LTD A","Health Care","Equity","2,955,584.91","0.11","2,955,584.91","163,402.00","18.09","China","Shanghai Stock Exchange","CNY"
"688008","MONTAGE TECHNOLOGY LTD A","Information Technology","Equity","2,939,849.66","0.11","2,939,849.66","74,388.00","39.52","China","Shanghai Stock Exchange","CNY"
"002916","SHENNAN CIRCUITS LTD A","Information Technology","Equity","2,911,659.00","0.11","2,911,659.00","44,968.00","64.75","China","Shenzhen Stock Exchange","CNY"
"9880","UBTECH ROBOTICS CORP LTD H","Industrials","Equity","2,911,460.19","0.11","2,911,460.19","233,000.00","12.50","China","Hong Kong Exchanges And Clearing Ltd","HKD"
"914","ANHUI CONCH CEMENT LTD H","Materials","Equity","2,868,322.54","0.11","2,868,322.54","1,314,000.00","2.18","China","Hong Kong Exchanges And Clearing Ltd","HKD"
"2333","GREAT WALL MOTOR COMPANY LTD H","Consumer Discretionary","Equity","2,854,011.96","0.11","2,854,011.96","2,523,500.00","1.13","China","Hong Kong Exchanges And Clearing Ltd","HKD"
"2618","JD LOGISTICS INC","Industrials","Equity","2,845,523.03","0.11","2,845,523.03","1,801,200.00","1.58","China","Hong Kong Exchanges And Clearing Ltd","HKD"
"600000","SHANGHAI PUDONG DEVELOPMENT BANK L","Financials","Equity","2,829,051.13","0.11","2,829,051.13","2,156,200.00","1.31","China","Shanghai Stock Exchange","CNY"
"301308","SHENZHEN LONGSYS ELECTRONICS LTD A","Information Technology","Equity","2,778,145.72","0.10","2,778,145.72","27,702.00","100.29","China","Shenzhen Stock Exchange","CNY"
"1766","CRRC CORP LTD H","Industrials","Equity","2,773,540.06","0.10","2,773,540.06","4,688,000.00","0.59","China","Hong Kong Exchanges And Clearing Ltd","HKD"
"600150","CHINA CSSC HOLDINGS LTD A","Industrials","Equity","2,752,052.33","0.10","2,752,052.33","497,073.00","5.54","China","Shanghai Stock Exchange","CNY"
"000858","WULIANGYE YIBIN LTD A","Consumer Staples","Equity","2,741,808.44","0.10","2,741,808.44","252,714.00","10.85","China","Shenzhen Stock Exchange","CNY"
"000725","BOE TECHNOLOGY GROUP LTD A","Information Technology","Equity","2,723,790.26","0.10","2,723,790.26","2,386,300.00","1.14","China","Shenzhen Stock Exchange","CNY"
"9863","ZHEJIANG LEAPMOTOR TECHNOLOGY LTD","Consumer Discretionary","Equity","2,721,916.41","0.10","2,721,916.41","544,300.00","5.00","China","Hong Kong Exchanges And Clearing Ltd","HKD"
"000333","MIDEA GROUP LTD A","Consumer Discretionary","Equity","2,716,481.59","0.10","2,716,481.59","230,850.00","11.77","China","Shenzhen Stock Exchange","CNY"
"900948","INNER MONGOLIA YITAI COAL LTD B","Energy","Equity","2,691,480.80","0.10","2,691,480.80","992,800.00","2.71","China","Shanghai Stock Exchange","USD"
"601211","GUOTAI HAITONG SECURITIES LTD A","Financials","Equity","2,673,339.31","0.10","2,673,339.31","917,914.00","2.91","China","Shanghai Stock Exchange","CNY"
"1898","CHINA COAL ENERGY LTD H","Energy","Equity","2,646,461.72","0.10","2,646,461.72","2,021,000.00","1.31","China","Hong Kong Exchanges And Clearing Ltd","HKD"
"6862","HAIDILAO INTERNATIONAL HOLDING LTD","Consumer Discretionary","Equity","2,632,478.20","0.10","2,632,478.20","1,860,000.00","1.42","China","Hong Kong Exchanges And Clearing Ltd","HKD"
"268","KINGDEE INT L SOFTWARE GROUP LTD","Information Technology","Equity","2,627,658.49","0.10","2,627,658.49","3,210,000.00","0.82","China","Hong Kong Exchanges And Clearing Ltd","HKD"
"241","ALIBABA HEALTH INFORMATION TECH LT","Consumer Staples","Equity","2,617,534.55","0.10","2,617,534.55","6,128,000.00","0.43","China","Hong Kong Exchanges And Clearing Ltd","HKD"
"300274","SUNGROW POWER SUPPLY LTD A","Industrials","Equity","2,606,040.72","0.10","2,606,040.72","138,221.00","18.85","China","Shenzhen Stock Exchange","CNY"
"300408","CHAOZHOU THREE-CIRCLE (GROUP) LTD","Information Technology","Equity","2,599,651.55","0.10","2,599,651.55","124,700.00","20.85","China","Shenzhen Stock Exchange","CNY"
"600176","CHINA JUSHI LTD A","Materials","Equity","2,584,771.96","0.10","2,584,771.96","275,389.00","9.39","China","Shanghai Stock Exchange","CNY"
"300476","VICTORY GIANT TECHNOLOGY HUIZHOU L","Information Technology","Equity","2,579,528.29","0.10","2,579,528.29","59,900.00","43.06","China","Shenzhen Stock Exchange","CNY"
"1776","GF SECURITIES LTD H","Financials","Equity","2,557,539.14","0.10","2,557,539.14","1,121,200.00","2.28","China","Hong Kong Exchanges And Clearing Ltd","HKD"
"1929","CHOW TAI FOOK JEWELLERY GROUP LTD","Consumer Discretionary","Equity","2,557,109.71","0.10","2,557,109.71","1,706,800.00","1.50","China","Hong Kong Exchanges And Clearing Ltd","HKD"
"688072","PIOTECH INC A","Information Technology","Equity","2,531,429.00","0.09","2,531,429.00","20,685.00","122.38","China","Shanghai Stock Exchange","CNY"
"300433","LENS TECHNOLOGY LTD A","Information Technology","Equity","2,515,650.40","0.09","2,515,650.40","333,320.00","7.55","China","Shenzhen Stock Exchange","CNY"
"1787","SHANDONG GOLD MINING LTD H","Materials","Equity","2,456,001.68","0.09","2,456,001.68","980,750.00","2.50","China","Hong Kong Exchanges And Clearing Ltd","HKD"
"1138","COSCO SHIPPING ENERGY TRANSPORTATI","Energy","Equity","2,450,094.35","0.09","2,450,094.35","1,340,000.00","1.83","China","Hong Kong Exchanges And Clearing Ltd","HKD"
"002463","WUS PRINTED CIRCUIT (KUNSHAN) LTD","Information Technology","Equity","2,448,499.58","0.09","2,448,499.58","129,210.00","18.95","China","Shenzhen Stock Exchange","CNY"
"300394","SUZHOU TFC OPTICAL COMMUNICATION L","Information Technology","Equity","2,447,704.36","0.09","2,447,704.36","70,214.00","34.86","China","Shenzhen Stock Exchange","CNY"
"1258","CHINA NONFERROUS MINING CORPORATIO","Materials","Equity","2,431,362.52","0.09","2,431,362.52","1,517,000.00","1.60","China","Hong Kong Exchanges And Clearing Ltd","HKD"
"763","ZTE CORP H","Information Technology","Equity","2,428,324.58","0.09","2,428,324.58","826,600.00","2.94","China","Hong Kong Exchanges And Clearing Ltd","HKD"
"316","ORIENT OVERSEAS (INTERNATIONAL) LT","Industrials","Equity","2,374,662.11","0.09","2,374,662.11","145,500.00","16.32","China","Hong Kong Exchanges And Clearing Ltd","HKD"
"1548","GENSCRIPT BIOTECH CORP","Health Care","Equity","2,361,753.46","0.09","2,361,753.46","1,324,000.00","1.78","China","Hong Kong Exchanges And Clearing Ltd","HKD"
"3323","CHINA NATIONAL BUILDING MATERIAL L","Materials","Equity","2,343,317.23","0.09","2,343,317.23","3,812,898.00","0.61","China","Hong Kong Exchanges And Clearing Ltd","HKD"
"285","BYD ELECTRONIC (INTERNATIONAL) LTD","Information Technology","Equity","2,322,345.34","0.09","2,322,345.34","853,500.00","2.72","China","Hong Kong Exchanges And Clearing Ltd","HKD"
"144","CHINA MERCHANTS PORT HOLDINGS LTD","Industrials","Equity","2,299,076.86","0.09","2,299,076.86","1,366,000.00","1.68","China","Hong Kong Exchanges And Clearing Ltd","HKD"
"136","CHINA RUYI HOLDINGS LTD","Communication","Equity","2,298,464.83","0.09","2,298,464.83","12,432,000.00","0.18","China","Hong Kong Exchanges And Clearing Ltd","HKD"
"2588","BOC AVIATION LTD","Industrials","Equity","2,265,736.73","0.08","2,265,736.73","223,800.00","10.12","China","Hong Kong Exchanges And Clearing Ltd","HKD"
"2525","HESAI GROUP CLASS B","Consumer Discretionary","Equity","2,237,762.53","0.08","2,237,762.53","130,680.00","17.12","China","Hong Kong Exchanges And Clearing Ltd","HKD"
"601816","BEIJING-SHANGHAI HIGH SPEED RAILWA","Industrials","Equity","2,230,491.16","0.08","2,230,491.16","3,261,074.00","0.68","China","Shanghai Stock Exchange","CNY"
"3800","GCL TECHNOLOGY HOLDINGS LTD","Information Technology","Equity","2,216,276.07","0.08","2,216,276.07","25,943,000.00","0.09","China","Hong Kong Exchanges And Clearing Ltd","HKD"
"LEGN","LEGEND BIOTECH ADR REP CORP","Health Care","Equity","2,212,832.68","0.08","2,212,832.68","78,917.00","28.04","China","NASDAQ","USD"
"9995","REMEGEN LTD H","Health Care","Equity","2,206,667.26","0.08","2,206,667.26","197,000.00","11.20","China","Hong Kong Exchanges And Clearing Ltd","HKD"
"3898","ZHUZHOU CRRC TIMES ELECTRIC LTD H","Industrials","Equity","2,196,550.47","0.08","2,196,550.47","458,900.00","4.79","China","Hong Kong Exchanges And Clearing Ltd","HKD"
"601088","CHINA SHENHUA ENERGY LTD A","Energy","Equity","2,179,807.01","0.08","2,179,807.01","353,601.00","6.16","China","Shanghai Stock Exchange","CNY"
"600309","WANHUA CHEMICAL GROUP LTD A","Materials","Equity","2,177,420.87","0.08","2,177,420.87","208,437.00","10.45","China","Shanghai Stock Exchange","CNY"
"780","TONGCHENG TRAVEL HOLDINGS LTD","Consumer Discretionary","Equity","2,174,917.12","0.08","2,174,917.12","1,375,600.00","1.58","China","Hong Kong Exchanges And Clearing Ltd","HKD"
"601225","SHAANXI COAL INDUSTRY LTD A","Energy","Equity","2,148,344.50","0.08","2,148,344.50","632,000.00","3.40","China","Shanghai Stock Exchange","CNY"
"601857","PETROCHINA LTD A","Energy","Equity","2,141,167.32","0.08","2,141,167.32","1,601,400.00","1.34","China","Shanghai Stock Exchange","CNY"
"1044","HENGAN INTERNATIONAL GROUP LTD","Consumer Staples","Equity","2,134,288.77","0.08","2,134,288.77","721,500.00","2.96","China","Hong Kong Exchanges And Clearing Ltd","HKD"
"601988","BANK OF CHINA LTD A","Financials","Equity","2,128,574.25","0.08","2,128,574.25","2,565,800.00","0.83","China","Shanghai Stock Exchange","CNY"
"6181","LAOPU GOLD LTD H","Consumer Discretionary","Equity","2,107,665.63","0.08","2,107,665.63","43,500.00","48.45","China","Hong Kong Exchanges And Clearing Ltd","HKD"
"688525","BIWIN STORAGE TECHNOLOGY LTD A","Information Technology","Equity","2,079,775.14","0.08","2,079,775.14","31,096.00","66.88","China","Shanghai Stock Exchange","CNY"
"384","CHINA GAS HOLDINGS LTD","Utilities","Equity","2,071,953.64","0.08","2,071,953.64","2,917,400.00","0.71","China","Hong Kong Exchanges And Clearing Ltd","HKD"
"001309","SHENZHEN TECHWINSEMI TECHNOLOGY LT","Information Technology","Equity","2,062,955.07","0.08","2,062,955.07","15,000.00","137.53","China","Shenzhen Stock Exchange","CNY"
"600487","HENGTONG OPTIC ELECTRIC LTD A","Information Technology","Equity","2,052,002.66","0.08","2,052,002.66","164,900.00","12.44","China","Shanghai Stock Exchange","CNY"
"6969","SMOORE INTERNATIONAL HOLDINGS LTD","Consumer Staples","Equity","2,007,702.61","0.07","2,007,702.61","2,037,000.00","0.99","China","Hong Kong Exchanges And Clearing Ltd","HKD"
"000001","PING AN BANK LTD A","Financials","Equity","2,001,346.19","0.07","2,001,346.19","1,295,824.00","1.54","China","Shenzhen Stock Exchange","CNY"
"601601","CHINA PACIFIC INSURANCE (GROUP) LT","Financials","Equity","2,000,975.96","0.07","2,000,975.96","452,700.00","4.42","China","Shanghai Stock Exchange","CNY"
"002142","BANK OF NINGBO LTD A","Financials","Equity","1,998,623.16","0.07","1,998,623.16","442,450.00","4.52","China","Shenzhen Stock Exchange","CNY"
"688498","YUANJIE SEMICONDUCTOR TECHNOLOGY L","Information Technology","Equity","1,985,561.53","0.07","1,985,561.53","8,231.00","241.23","China","Shanghai Stock Exchange","CNY"
"1193","CHINA RESOURCES GAS GROUP LTD","Utilities","Equity","1,982,467.49","0.07","1,982,467.49","1,025,600.00","1.93","China","Hong Kong Exchanges And Clearing Ltd","HKD"
"2228","XTALPI HOLDINGS LTD","Health Care","Equity","1,975,758.66","0.07","1,975,758.66","1,892,000.00","1.04","China","Hong Kong Exchanges And Clearing Ltd","HKD"
"392","BEIJING ENTERPRISES HOLDINGS LTD","Utilities","Equity","1,965,017.60","0.07","1,965,017.60","534,000.00","3.68","China","Hong Kong Exchanges And Clearing Ltd","HKD"
"600919","BANK OF JIANGSU CORPORATION LTD A","Financials","Equity","1,964,569.55","0.07","1,964,569.55","1,171,590.00","1.68","China","Shanghai Stock Exchange","CNY"
"002714","MUYUAN FOODS GROUP LTD A","Consumer Staples","Equity","1,958,589.98","0.07","1,958,589.98","344,247.00","5.69","China","Shenzhen Stock Exchange","CNY"
"601985","CHINA NATIONAL NUCLEAR POWER LTD A","Utilities","Equity","1,957,188.80","0.07","1,957,188.80","1,501,800.00","1.30","China","Shanghai Stock Exchange","CNY"
"3360","FAR EAST HORIZON LTD","Financials","Equity","1,955,294.03","0.07","1,955,294.03","2,586,000.00","0.76","China","Hong Kong Exchanges And Clearing Ltd","HKD"
"151","WANT WANT CHINA HOLDINGS LTD","Consumer Staples","Equity","1,938,927.42","0.07","1,938,927.42","4,499,000.00","0.43","China","Hong Kong Exchanges And Clearing Ltd","HKD"
"390","CHINA RAILWAY GROUP LTD H","Industrials","Equity","1,936,668.03","0.07","1,936,668.03","4,534,000.00","0.43","China","Hong Kong Exchanges And Clearing Ltd","HKD"
"601939","CHINA CONSTRUCTION BANK CORP A","Financials","Equity","1,932,435.40","0.07","1,932,435.40","1,358,600.00","1.42","China","Shanghai Stock Exchange","CNY"
"300604","HANGZHOU CHANG CHUAN TECHNOLOGY LT","Information Technology","Equity","1,922,777.09","0.07","1,922,777.09","43,000.00","44.72","China","Shenzhen Stock Exchange","CNY"
"000338","WEICHAI POWER LTD A","Industrials","Equity","1,906,815.92","0.07","1,906,815.92","438,400.00","4.35","China","Shenzhen Stock Exchange","CNY"
"300033","HITHINK ROYALFLUSH INFORMATION NET","Financials","Equity","1,868,973.84","0.07","1,868,973.84","51,860.00","36.04","China","Shenzhen Stock Exchange","CNY"
"2883","CHINA OILFIELD SERVICES LTD H","Energy","Equity","1,853,292.19","0.07","1,853,292.19","2,250,000.00","0.82","China","Hong Kong Exchanges And Clearing Ltd","HKD"
"3618","CHONGQING RURAL COMMERCIAL BANK LT","Financials","Equity","1,849,103.64","0.07","1,849,103.64","2,405,000.00","0.77","China","Hong Kong Exchanges And Clearing Ltd","HKD"
"1908","C D INTERNATIONAL INVESTMENT GROUP","Real Estate","Equity","1,846,769.01","0.07","1,846,769.01","976,000.00","1.89","China","Hong Kong Exchanges And Clearing Ltd","HKD"
"960","LONGFOR GROUP HOLDINGS LTD","Real Estate","Equity","1,837,700.82","0.07","1,837,700.82","2,238,000.00","0.82","China","Hong Kong Exchanges And Clearing Ltd","HKD"
"000657","CHINA TUNGSTEN AND HIGHTECH MATERI","Materials","Equity","1,815,483.42","0.07","1,815,483.42","153,400.00","11.83","China","Shenzhen Stock Exchange","CNY"
"HSBFT","CASH COLLATERAL USD HSBFT","Cash and/or Derivatives","Cash Collateral and Margins","1,797,000.00","0.07","1,797,000.00","1,797,000.00","100.00","United States","-","USD"
"600406","NARI TECHNOLOGY LTD A","Industrials","Equity","1,788,278.36","0.07","1,788,278.36","524,940.00","3.41","China","Shanghai Stock Exchange","CNY"
"002938","AVARY HOLDING (SHENZHEN) LTD A","Information Technology","Equity","1,787,992.78","0.07","1,787,992.78","127,565.00","14.02","China","Shenzhen Stock Exchange","CNY"
"1882","HAITIAN INTERNATIONAL LTD","Industrials","Equity","1,768,348.04","0.07","1,768,348.04","704,000.00","2.51","China","Hong Kong Exchanges And Clearing Ltd","HKD"
"916","CHINA LONGYUAN POWER GROUP CORP LT","Utilities","Equity","1,766,445.66","0.07","1,766,445.66","2,654,000.00","0.67","China","Hong Kong Exchanges And Clearing Ltd","HKD"
"601668","CHINA STATE CONSTRUCTION ENGINEERI","Industrials","Equity","1,729,509.16","0.06","1,729,509.16","2,595,600.00","0.67","China","Shanghai Stock Exchange","CNY"
"002353","YANTAI JEREH OILFIELD SERVICES GRO","Energy","Equity","1,711,477.54","0.06","1,711,477.54","68,000.00","25.17","China","Shenzhen Stock Exchange","CNY"
"002281","ACCELINK TECHNOLOGIES LTD A","Information Technology","Equity","1,685,553.24","0.06","1,685,553.24","54,821.00","30.75","China","Shenzhen Stock Exchange","CNY"
"600584","JCET GROUP LTD A","Information Technology","Equity","1,677,030.38","0.06","1,677,030.38","119,900.00","13.99","China","Shanghai Stock Exchange","CNY"
"600111","CHINA NORTHERN RARE EARTH (GROUP)","Materials","Equity","1,661,782.46","0.06","1,661,782.46","238,800.00","6.96","China","Shanghai Stock Exchange","CNY"
"300760","SHENZHEN MINDRAY BIO-MEDICAL ELECT","Health Care","Equity","1,656,550.72","0.06","1,656,550.72","80,100.00","20.68","China","Shenzhen Stock Exchange","CNY"
"601919","COSCO SHIPPING HOLDINGS LTD A","Industrials","Equity","1,655,042.00","0.06","1,655,042.00","804,850.00","2.06","China","Shanghai Stock Exchange","CNY"
"601100","JIANGSU HENGLI HYDRAULIC LTD A","Industrials","Equity","1,612,939.63","0.06","1,612,939.63","93,324.00","17.28","China","Shanghai Stock Exchange","CNY"
"600522","JIANGSU ZHONGTIAN TECHNOLOGY LTD A","Industrials","Equity","1,591,698.03","0.06","1,591,698.03","225,300.00","7.06","China","Shanghai Stock Exchange","CNY"
"600999","CHINA MERCHANTS SECURITIES LTD A","Financials","Equity","1,590,058.10","0.06","1,590,058.10","504,669.00","3.15","China","Shanghai Stock Exchange","CNY"
"601688","HUATAI SECURITIES LTD A","Financials","Equity","1,559,612.41","0.06","1,559,612.41","497,561.00","3.13","China","Shanghai Stock Exchange","CNY"
"9896","MINISO GROUP HOLDING LTD","Consumer Discretionary","Equity","1,549,810.27","0.06","1,549,810.27","514,600.00","3.01","China","Hong Kong Exchanges And Clearing Ltd","HKD"
"2367","GIANT BIOGENE HOLDING LTD","Consumer Staples","Equity","1,548,432.70","0.06","1,548,432.70","461,400.00","3.36","China","Hong Kong Exchanges And Clearing Ltd","HKD"
"688521","VERISILICON MICROELECTRONICS (SHAN","Information Technology","Equity","1,529,603.93","0.06","1,529,603.93","34,734.00","44.04","China","Shanghai Stock Exchange","CNY"
"601658","POSTAL SAVINGS BANK OF CHINA LTD A","Financials","Equity","1,510,679.36","0.06","1,510,679.36","2,062,320.00","0.73","China","Shanghai Stock Exchange","CNY"
"600989","NINGXIA BAOFENG ENERGY GROUP LTD A","Materials","Equity","1,498,696.19","0.06","1,498,696.19","482,200.00","3.11","China","Shanghai Stock Exchange","CNY"
"600031","SANY HEAVY INDUSTRY LTD A","Industrials","Equity","1,494,259.16","0.06","1,494,259.16","537,783.00","2.78","China","Shanghai Stock Exchange","CNY"
"6186","CHINA FEIHE LTD","Consumer Staples","Equity","1,488,096.09","0.06","1,488,096.09","3,814,000.00","0.39","China","Hong Kong Exchanges And Clearing Ltd","HKD"
"600887","INNER MONGOLIA YILI INDUSTRIAL GRO","Consumer Staples","Equity","1,478,844.22","0.06","1,478,844.22","401,034.00","3.69","China","Shanghai Stock Exchange","CNY"
"1585","YADEA GROUP HOLDINGS LTD","Consumer Discretionary","Equity","1,471,902.89","0.05","1,471,902.89","1,232,000.00","1.19","China","Hong Kong Exchanges And Clearing Ltd","HKD"
"603288","FOSHAN HAI TIAN FLAVOURING & FOOD","Consumer Staples","Equity","1,463,679.91","0.05","1,463,679.91","289,605.00","5.05","China","Shanghai Stock Exchange","CNY"
"002352","S.F. HOLDING LTD A","Industrials","Equity","1,462,840.84","0.05","1,462,840.84","302,008.00","4.84","China","Shenzhen Stock Exchange","CNY"
"000988","HUAGONG TECH LTD A","Information Technology","Equity","1,462,099.00","0.05","1,462,099.00","66,400.00","22.02","China","Shenzhen Stock Exchange","CNY"
"000792","QINGHAI SALT LAKE INDUSTRY LTD A","Materials","Equity","1,442,171.07","0.05","1,442,171.07","335,200.00","4.30","China","Shenzhen Stock Exchange","CNY"
"600028","CHINA PETROLEUM & CHEMICAL CORP A","Energy","Equity","1,436,097.68","0.05","1,436,097.68","2,025,583.00","0.71","China","Shanghai Stock Exchange","CNY"
"688120","HWATSING TECHNOLOGY LTD A","Information Technology","Equity","1,434,917.27","0.05","1,434,917.27","36,265.00","39.57","China","Shanghai Stock Exchange","CNY"
"601872","CHINA MERCHANTS ENERGY SHIPPING LT","Energy","Equity","1,418,092.82","0.05","1,418,092.82","545,300.00","2.60","China","Shanghai Stock Exchange","CNY"
"601869","YANGTZE OPTICAL FIBRE AND CABLE JO","Information Technology","Equity","1,397,618.60","0.05","1,397,618.60","21,500.00","65.01","China","Shanghai Stock Exchange","CNY"
"300857","SHARETRONIC DATA TECHNOLOGY LTD A","Information Technology","Equity","1,397,219.51","0.05","1,397,219.51","32,380.00","43.15","China","Shenzhen Stock Exchange","CNY"
"2026","PONY AI INC","Information Technology","Equity","1,390,917.78","0.05","1,390,917.78","202,200.00","6.88","China","Hong Kong Exchanges And Clearing Ltd","HKD"
"2380","CHINA POWER INTERNATIONAL DEVELOPM","Utilities","Equity","1,382,674.56","0.05","1,382,674.56","3,929,000.00","0.35","China","Hong Kong Exchanges And Clearing Ltd","HKD"
"000063","ZTE CORP A","Information Technology","Equity","1,355,426.36","0.05","1,355,426.36","253,993.00","5.34","China","Shenzhen Stock Exchange","CNY"
"601336","NEW CHINA LIFE INSURANCE LTD A","Financials","Equity","1,343,016.40","0.05","1,343,016.40","141,602.00","9.48","China","Shanghai Stock Exchange","CNY"
"600160","ZHEJIANG JU HUA LTD A","Materials","Equity","1,339,641.83","0.05","1,339,641.83","185,679.00","7.21","China","Shanghai Stock Exchange","CNY"
"600809","SHANXI XINGHUACUN FEN WINE FACTORY","Consumer Staples","Equity","1,323,425.00","0.05","1,323,425.00","80,520.00","16.44","China","Shanghai Stock Exchange","CNY"
"968","XINYI SOLAR HOLDINGS LTD","Information Technology","Equity","1,309,889.33","0.05","1,309,889.33","4,892,000.00","0.27","China","Hong Kong Exchanges And Clearing Ltd","HKD"
"601818","CHINA EVERBRIGHT BANK LTD A","Financials","Equity","1,304,252.71","0.05","1,304,252.71","2,897,700.00","0.45","China","Shanghai Stock Exchange","CNY"
"688361","SKYVERSE TECHNOLOGY LTD A","Information Technology","Equity","1,293,647.57","0.05","1,293,647.57","25,641.00","50.45","China","Shanghai Stock Exchange","CNY"
"000776","GF SECURITIES LTD A","Financials","Equity","1,291,181.00","0.05","1,291,181.00","367,900.00","3.51","China","Shenzhen Stock Exchange","CNY"
"601766","CRRC CORP LTD A","Industrials","Equity","1,290,684.71","0.05","1,290,684.71","1,613,000.00","0.80","China","Shanghai Stock Exchange","CNY"
"601009","BANK OF NANJING LTD A","Financials","Equity","1,263,719.21","0.05","1,263,719.21","805,947.00","1.57","China","Shanghai Stock Exchange","CNY"
"300442","RANGE INTELLIGENT COMPUTING TECHNO","Information Technology","Equity","1,252,620.44","0.05","1,252,620.44","105,200.00","11.91","China","Shenzhen Stock Exchange","CNY"
"300014","EVE ENERGY LTD A","Industrials","Equity","1,240,967.05","0.05","1,240,967.05","142,104.00","8.73","China","Shenzhen Stock Exchange","CNY"
"600346","HENGLI PETROCHEMICAL LTD A","Materials","Equity","1,229,946.02","0.05","1,229,946.02","446,200.00","2.76","China","Shanghai Stock Exchange","CNY"
"601229","BANK OF SHANGHAI LTD A","Financials","Equity","1,225,600.43","0.05","1,225,600.43","920,690.00","1.33","China","Shanghai Stock Exchange","CNY"
"600690","HAIER SMART HOME LTD A","Consumer Discretionary","Equity","1,220,542.18","0.05","1,220,542.18","403,200.00","3.03","China","Shanghai Stock Exchange","CNY"
"600050","CHINA UNITED NETWORK COMMUNICATION","Communication","Equity","1,216,828.42","0.05","1,216,828.42","2,012,800.00","0.60","China","Shanghai Stock Exchange","CNY"
"688249","NEXCHIP SEMICONDUCTOR CORP A","Information Technology","Equity","1,203,248.20","0.04","1,203,248.20","133,056.00","9.04","China","Shanghai Stock Exchange","CNY"
"300223","INGENIC SEMICONDUCTOR LTD A","Information Technology","Equity","1,179,686.70","0.04","1,179,686.70","31,700.00","37.21","China","Shenzhen Stock Exchange","CNY"
"002600","LINGYI ITECH (GUANGDONG) A","Information Technology","Equity","1,177,173.35","0.04","1,177,173.35","493,100.00","2.39","China","Shenzhen Stock Exchange","CNY"
"002080","SINOMA SCIENCE & TECHNOLOGY LTD A","Materials","Equity","1,175,987.65","0.04","1,175,987.65","104,400.00","11.26","China","Shenzhen Stock Exchange","CNY"
"000977","INSPUR ELECTRONIC INFORMATION INDU","Information Technology","Equity","1,167,489.98","0.04","1,167,489.98","113,860.00","10.25","China","Shenzhen Stock Exchange","CNY"
"688347","HUA HONG GRACE SEMICONDUCTOR LTD A","Information Technology","Equity","1,165,473.64","0.04","1,165,473.64","25,586.00","45.55","China","Shanghai Stock Exchange","CNY"
"601066","CHINA SECURITIES LTD A","Financials","Equity","1,163,511.27","0.04","1,163,511.27","275,999.00","4.22","China","Shanghai Stock Exchange","CNY"
"300475","SHANNON SEMICONDUCTOR TECHNOLOGY L","Information Technology","Equity","1,157,681.85","0.04","1,157,681.85","29,700.00","38.98","China","Shenzhen Stock Exchange","CNY"
"603501","OMNIVISION INTEGRATED CIRCUITS GRO","Information Technology","Equity","1,153,798.49","0.04","1,153,798.49","80,867.00","14.27","China","Shanghai Stock Exchange","CNY"
"605117","NINGBO DEYE TECHNOLOGY LTD A","Industrials","Equity","1,153,072.41","0.04","1,153,072.41","81,556.00","14.14","China","Shanghai Stock Exchange","CNY"
"600019","BAOSHAN IRON & STEEL LTD A","Materials","Equity","1,149,540.02","0.04","1,149,540.02","1,383,212.00","0.83","China","Shanghai Stock Exchange","CNY"
"688396","CHINA RESOURCES MICROELECTRONICS L","Information Technology","Equity","1,132,936.08","0.04","1,132,936.08","89,530.00","12.65","China","Shanghai Stock Exchange","CNY"
"688082","ACM RESEARCH (SHANGHAI) INC A","Information Technology","Equity","1,130,933.15","0.04","1,130,933.15","20,613.00","54.87","China","Shanghai Stock Exchange","CNY"
"002493","RONGSHENG PETRO CHEMICAL LTD A","Materials","Equity","1,121,689.35","0.04","1,121,689.35","621,500.00","1.80","China","Shenzhen Stock Exchange","CNY"
"600673","GUANGDONG HEC TECHNOLOGY HOLDING L","Materials","Equity","1,118,925.06","0.04","1,118,925.06","206,600.00","5.42","China","Shanghai Stock Exchange","CNY"
"000408","ZANGGE MINING LTD A","Materials","Equity","1,112,254.77","0.04","1,112,254.77","101,200.00","10.99","China","Shenzhen Stock Exchange","CNY"
"000568","LUZHOU LAO JIAO LTD A","Consumer Staples","Equity","1,100,064.43","0.04","1,100,064.43","95,600.00","11.51","China","Shenzhen Stock Exchange","CNY"
"600016","CHINA MINSHENG BANKING CORP LTD A","Financials","Equity","1,094,533.50","0.04","1,094,533.50","2,227,900.00","0.49","China","Shanghai Stock Exchange","CNY"
"600188","YANKUANG ENERGY GROUP LTD A","Energy","Equity","1,077,933.96","0.04","1,077,933.96","389,805.00","2.77","China","Shanghai Stock Exchange","CNY"
"601169","BANK OF BEIJING LTD A","Financials","Equity","1,063,785.32","0.04","1,063,785.32","1,407,032.00","0.76","China","Shanghai Stock Exchange","CNY"
"600926","BANK OF HANGZHOU LTD A","Financials","Equity","1,060,273.01","0.04","1,060,273.01","469,900.00","2.26","China","Shanghai Stock Exchange","CNY"
"600549","XIAMEN TUNGSTEN LTD A","Materials","Equity","1,059,708.47","0.04","1,059,708.47","101,700.00","10.42","China","Shanghai Stock Exchange","CNY"
"688126","NATIONAL SILICON INDUSTRY GROUP LT","Information Technology","Equity","1,057,217.52","0.04","1,057,217.52","207,671.00","5.09","China","Shanghai Stock Exchange","CNY"
"600660","FUYAO GLASS INDUSTRY GROUP LTD A","Consumer Discretionary","Equity","1,047,612.41","0.04","1,047,612.41","132,432.00","7.91","China","Shanghai Stock Exchange","CNY"
"000166","SHENWAN HONGYUAN GROUP LTD A","Financials","Equity","1,043,864.68","0.04","1,043,864.68","1,522,900.00","0.69","China","Shenzhen Stock Exchange","CNY"
"688111","BEIJING KINGSOFT OFFICE SOFTWARE I","Information Technology","Equity","1,037,311.75","0.04","1,037,311.75","33,934.00","30.57","China","Shanghai Stock Exchange","CNY"
"601689","NINGBO TUOPU GROUP CLS LTD A","Consumer Discretionary","Equity","1,029,293.54","0.04","1,029,293.54","115,530.00","8.91","China","Shanghai Stock Exchange","CNY"
"688629","SICHUAN HUAFENG TECHNOLOGY LTD A","Industrials","Equity","1,028,369.48","0.04","1,028,369.48","34,738.00","29.60","China","Shanghai Stock Exchange","CNY"
"688702","SUZHOU CENTEC COMMUNICATIONS LTD A","Information Technology","Equity","1,027,494.16","0.04","1,027,494.16","19,567.00","52.51","China","Shanghai Stock Exchange","CNY"
"601600","ALUMINUM CORPORATION OF CHINA LTD","Materials","Equity","1,019,071.86","0.04","1,019,071.86","817,000.00","1.25","China","Shanghai Stock Exchange","CNY"
"601995","CHINA INTERNATIONAL CAPITAL CORP L","Financials","Equity","1,006,249.62","0.04","1,006,249.62","183,700.00","5.48","China","Shanghai Stock Exchange","CNY"
"000651","GREE ELECTRIC APPLIANCES INC OF ZH","Consumer Discretionary","Equity","992,998.46","0.04","992,998.46","173,100.00","5.74","China","Shenzhen Stock Exchange","CNY"
"600905","CHINA THREE GORGES RENEWABLES(GROU","Utilities","Equity","990,286.10","0.04","990,286.10","1,771,700.00","0.56","China","Shanghai Stock Exchange","CNY"
"600089","TBEA LTD A","Industrials","Equity","988,252.04","0.04","988,252.04","314,690.00","3.14","China","Shanghai Stock Exchange","CNY"
"601888","CHINA TOURISM GROUP DUTY FREE CORP","Consumer Discretionary","Equity","983,426.05","0.04","983,426.05","126,100.00","7.80","China","Shanghai Stock Exchange","CNY"
"000100","TCL TECHNOLOGY GROUP CORP A","Information Technology","Equity","978,019.38","0.04","978,019.38","1,281,130.00","0.76","China","Shenzhen Stock Exchange","CNY"
"601628","CHINA LIFE INSURANCE LTD A","Financials","Equity","971,858.69","0.04","971,858.69","170,376.00","5.70","China","Shanghai Stock Exchange","CNY"
"600886","SDIC POWER HOLDINGS LTD A","Utilities","Equity","968,914.76","0.04","968,914.76","488,300.00","1.98","China","Shanghai Stock Exchange","CNY"
"000938","UNISPLENDOUR CORP LTD A","Information Technology","Equity","968,358.97","0.04","968,358.97","197,640.00","4.90","China","Shenzhen Stock Exchange","CNY"
"002602","ZHEJIANG CENTURY HUATONG GROUP LTD","Communication","Equity","964,134.45","0.04","964,134.45","465,200.00","2.07","China","Shenzhen Stock Exchange","CNY"
"601127","SERES GROUP LTD A","Consumer Discretionary","Equity","956,362.73","0.04","956,362.73","108,400.00","8.82","China","Shanghai Stock Exchange","CNY"
"600893","AECC AVIATION POWER LTD A","Industrials","Equity","951,205.42","0.04","951,205.42","167,100.00","5.69","China","Shanghai Stock Exchange","CNY"
"002230","IFLYTEK LTD A","Information Technology","Equity","942,929.33","0.04","942,929.33","157,700.00","5.98","China","Shenzhen Stock Exchange","CNY"
"002460","GANFENG LITHIUM GROUP LTD A","Materials","Equity","936,743.23","0.03","936,743.23","101,360.00","9.24","China","Shenzhen Stock Exchange","CNY"
"002156","TONGFU MICROELECTRONICS LTD A","Information Technology","Equity","935,485.48","0.03","935,485.48","96,100.00","9.73","China","Shenzhen Stock Exchange","CNY"
"600489","ZHONGJIN GOLD CORP LTD A","Materials","Equity","930,537.62","0.03","930,537.62","307,100.00","3.03","China","Shanghai Stock Exchange","CNY"
"000425","XCMG CONSTRUCTION MACHINERY LTD A","Industrials","Equity","922,343.46","0.03","922,343.46","741,200.00","1.24","China","Shenzhen Stock Exchange","CNY"
"002709","GUANGZHOU TINCI MATERIALS TECHNOLO","Materials","Equity","916,646.32","0.03","916,646.32","127,180.00","7.21","China","Shenzhen Stock Exchange","CNY"
"601006","DAQIN RAILWAY LTD A","Industrials","Equity","911,142.46","0.03","911,142.46","1,295,900.00","0.70","China","Shanghai Stock Exchange","CNY"
"600875","DONGFANG ELECTRIC CORP LTD A","Industrials","Equity","910,374.79","0.03","910,374.79","207,900.00","4.38","China","Shanghai Stock Exchange","CNY"
"600362","JIANGXI COPPER LTD A","Materials","Equity","909,928.66","0.03","909,928.66","147,500.00","6.17","China","Shanghai Stock Exchange","CNY"
"600010","INNER MONGOLIA BAOTOU STEEL UNION","Materials","Equity","906,955.95","0.03","906,955.95","2,802,700.00","0.32","China","Shanghai Stock Exchange","CNY"
"688506","SICHUAN BIOKIN PHARMACEUTICAL LTD","Health Care","Equity","906,098.41","0.03","906,098.41","18,667.00","48.54","China","Shanghai Stock Exchange","CNY"
"002837","SHENZHEN ENVICOOL TECHNOLOGY LTD A","Industrials","Equity","904,493.91","0.03","904,493.91","83,030.00","10.89","China","Shenzhen Stock Exchange","CNY"
"002466","TIANQI LITHIUM INDUSTRIES CORP A","Materials","Equity","901,175.26","0.03","901,175.26","104,000.00","8.67","China","Shenzhen Stock Exchange","CNY"
"002001","ZHEJIANG NHU LTD A","Materials","Equity","895,726.65","0.03","895,726.65","195,933.00","4.57","China","Shenzhen Stock Exchange","CNY"
"300757","ROBOTECHNIK INTELLIGENT TECHNOLOGY","Industrials","Equity","894,298.75","0.03","894,298.75","12,300.00","72.71","China","Shenzhen Stock Exchange","CNY"
"601881","CHINA GALAXY SECURITIES LTD A","Financials","Equity","886,153.13","0.03","886,153.13","445,600.00","1.99","China","Shanghai Stock Exchange","CNY"
"000538","YUNNAN BAIYAO GROUP LTD A","Health Care","Equity","882,611.07","0.03","882,611.07","121,762.00","7.25","China","Shenzhen Stock Exchange","CNY"
"601868","CHINA ENERGY ENGINEERING CORP LTD","Industrials","Equity","877,105.10","0.03","877,105.10","2,267,300.00","0.39","China","Shanghai Stock Exchange","CNY"
"601727","SHANGHAI ELECTRIC GROUP LTD A","Industrials","Equity","874,206.23","0.03","874,206.23","860,100.00","1.02","China","Shanghai Stock Exchange","CNY"
"600015","HUA XIA BANK LTD A","Financials","Equity","861,521.52","0.03","861,521.52","862,600.00","1.00","China","Shanghai Stock Exchange","CNY"
"605499","EASTROC BEVERAGE (GROUP) LTD A","Consumer Staples","Equity","860,129.15","0.03","860,129.15","45,720.00","18.81","China","Shanghai Stock Exchange","CNY"
"688271","SHANGHAI UNITED IMAGING HEALTHCARE","Health Care","Equity","854,675.19","0.03","854,675.19","54,431.00","15.70","China","Shanghai Stock Exchange","CNY"
"603296","HUAQIN TECHNOLOGY LTD A","Information Technology","Equity","852,583.63","0.03","852,583.63","81,420.00","10.47","China","Shanghai Stock Exchange","CNY"
"601012","LONGI GREEN ENERGY TECHNOLOGY LTD","Information Technology","Equity","849,438.76","0.03","849,438.76","467,604.00","1.82","China","Shanghai Stock Exchange","CNY"
"600547","SHANDONG GOLD-MINING LTD A","Materials","Equity","843,178.23","0.03","843,178.23","222,184.00","3.79","China","Shanghai Stock Exchange","CNY"
"603799","ZHEJIANG HUAYOU COBALT LTD A","Industrials","Equity","840,364.17","0.03","840,364.17","121,791.00","6.90","China","Shanghai Stock Exchange","CNY"
"300136","SHENZHEN SUNWAY COMMUNICATION LTD","Information Technology","Equity","840,460.40","0.03","840,460.40","61,000.00","13.78","China","Shenzhen Stock Exchange","CNY"
"000301","JIANGSU EASTERN SHENGHONG LTD A","Materials","Equity","838,736.34","0.03","838,736.34","412,900.00","2.03","China","Shenzhen Stock Exchange","CNY"
"002648","SATELLITE CHEMICAL LTD A","Materials","Equity","838,760.92","0.03","838,760.92","230,863.00","3.63","China","Shenzhen Stock Exchange","CNY"
"002422","SICHUAN KELUN PHARMACEUTICAL LTD A","Health Care","Equity","838,267.56","0.03","838,267.56","119,400.00","7.02","China","Shenzhen Stock Exchange","CNY"
"300124","SHENZHEN INOVANCE TECHNOLOGY LTD A","Industrials","Equity","835,277.34","0.03","835,277.34","83,106.00","10.05","China","Shenzhen Stock Exchange","CNY"
"688048","SUZHOU EVERBRIGHT PHOTONICS LTD A","Information Technology","Equity","831,347.58","0.03","831,347.58","13,283.00","62.59","China","Shanghai Stock Exchange","CNY"
"600460","HANGZHOU SILAN MICROELECTRONICS LT","Information Technology","Equity","831,116.28","0.03","831,116.28","121,200.00","6.86","China","Shanghai Stock Exchange","CNY"
"300498","WENS FOODSTUFF GROUP LTD","Consumer Staples","Equity","828,747.93","0.03","828,747.93","410,360.00","2.02","China","Shenzhen Stock Exchange","CNY"
"688183","SHENGYI ELECTRONICS LTD A","Information Technology","Equity","828,153.97","0.03","828,153.97","46,654.00","17.75","China","Shanghai Stock Exchange","CNY"
"601998","CHINA CITIC BANK CORP LTD A","Financials","Equity","827,792.60","0.03","827,792.60","788,200.00","1.05","China","Shanghai Stock Exchange","CNY"
"002311","GUANGDONG HAID GROUP LTD A","Consumer Staples","Equity","827,327.29","0.03","827,327.29","119,266.00","6.94","China","Shenzhen Stock Exchange","CNY"
"300620","ADVANCED FIBER RESOURCES (ZHUHAI)","Information Technology","Equity","820,524.53","0.03","820,524.53","18,800.00","43.64","China","Shenzhen Stock Exchange","CNY"
"000895","HENAN SHUANGHUI INVESTMENT & DEVEL","Consumer Staples","Equity","820,569.83","0.03","820,569.83","238,200.00","3.44","China","Shenzhen Stock Exchange","CNY"
"601838","BANK OF CHENGDU LTD A","Financials","Equity","818,417.74","0.03","818,417.74","297,700.00","2.75","China","Shanghai Stock Exchange","CNY"
"002050","ZHEJIANG SANHUA INTELLIGENT CONTRO","Industrials","Equity","815,949.11","0.03","815,949.11","120,200.00","6.79","China","Shenzhen Stock Exchange","CNY"
"600703","SANAN OPTOELECTRONICS LTD A","Information Technology","Equity","809,249.84","0.03","809,249.84","317,100.00","2.55","China","Shanghai Stock Exchange","CNY"
"688777","SUPCON TECHNOLOGY LTD A","Information Technology","Equity","777,102.94","0.03","777,102.94","51,887.00","14.98","China","Shanghai Stock Exchange","CNY"
"000630","TONGLING NONFERROUS METALS GROUP L","Materials","Equity","773,866.30","0.03","773,866.30","835,100.00","0.93","China","Shenzhen Stock Exchange","CNY"
"601390","CHINA RAILWAY GROUP LTD A","Industrials","Equity","773,032.29","0.03","773,032.29","1,222,200.00","0.63","China","Shanghai Stock Exchange","CNY"
"002851","SHENZHEN MEGMEET ELECTRICAL LTD A","Industrials","Equity","771,495.77","0.03","771,495.77","34,600.00","22.30","China","Shenzhen Stock Exchange","CNY"
"688002","RAYTRON TECHNOLOGY LTD A","Information Technology","Equity","770,744.07","0.03","770,744.07","34,984.00","22.03","China","Shanghai Stock Exchange","CNY"
"688578","SHANGHAI ALLIST PHARMACEUTICALS LT","Health Care","Equity","760,412.18","0.03","760,412.18","39,590.00","19.21","China","Shanghai Stock Exchange","CNY"
"300390","CANMAX TECHNOLOGIES LTD A","Materials","Equity","758,440.84","0.03","758,440.84","56,600.00","13.40","China","Shenzhen Stock Exchange","CNY"
"601825","SHANGHAI RURAL COMMERCIAL BANK LTD","Financials","Equity","756,406.86","0.03","756,406.86","657,600.00","1.15","China","Shanghai Stock Exchange","CNY"
"300015","AIER EYE HOSPITAL GROUP LTD A","Health Care","Equity","755,966.71","0.03","755,966.71","606,066.00","1.25","China","Shenzhen Stock Exchange","CNY"
"688110","DOSILICON LTD A","Information Technology","Equity","755,789.96","0.03","755,789.96","29,400.00","25.71","China","Shanghai Stock Exchange","CNY"
"300661","SG MICRO CORP A","Information Technology","Equity","752,700.00","0.03","752,700.00","37,635.00","20.00","China","Shenzhen Stock Exchange","CNY"
"601669","POWER CONSTRUCTION CORPORATION OF","Industrials","Equity","751,017.58","0.03","751,017.58","1,057,100.00","0.71","China","Shanghai Stock Exchange","CNY"
"002241","GOERTEK INC A","Information Technology","Equity","750,352.58","0.03","750,352.58","237,600.00","3.16","China","Shenzhen Stock Exchange","CNY"
"600104","SAIC MOTOR CORP LTD A","Consumer Discretionary","Equity","747,725.14","0.03","747,725.14","495,459.00","1.51","China","Shanghai Stock Exchange","CNY"
"600795","GD POWER DEVELOPMENT LTD A","Utilities","Equity","744,832.25","0.03","744,832.25","1,068,300.00","0.70","China","Shanghai Stock Exchange","CNY"
"688313","HENAN SHIJIA PHOTONS TECHNOLOGY LT","Information Technology","Equity","744,854.33","0.03","744,854.33","34,059.00","21.87","China","Shanghai Stock Exchange","CNY"
"601111","AIR CHINA LTD A","Industrials","Equity","744,875.93","0.03","744,875.93","818,100.00","0.91","China","Shanghai Stock Exchange","CNY"
"600498","FIBERHOME TELECOMMUNICATION TECHNO","Information Technology","Equity","742,819.45","0.03","742,819.45","87,100.00","8.53","China","Shanghai Stock Exchange","CNY"
"002202","GOLDWIND SCIENCE&TECHNOLOGY LTD A","Industrials","Equity","740,205.91","0.03","740,205.91","210,468.00","3.52","China","Shenzhen Stock Exchange","CNY"
"300751","SUZHOU MAXWELL TECHNOLOGIES LTD A","Information Technology","Equity","727,429.88","0.03","727,429.88","19,300.00","37.69","China","Shenzhen Stock Exchange","CNY"
"600105","JIANG SU ETERN LTD A","Information Technology","Equity","722,204.17","0.03","722,204.17","98,100.00","7.36","China","Shanghai Stock Exchange","CNY"
"600958","ORIENT SECURITIES LTD A","Financials","Equity","722,110.24","0.03","722,110.24","512,985.00","1.41","China","Shanghai Stock Exchange","CNY"
"601179","CHINA XD ELECTRIC LTD A","Industrials","Equity","719,714.65","0.03","719,714.65","349,000.00","2.06","China","Shanghai Stock Exchange","CNY"
"603893","ROCKCHIP ELECTRONICS LTD A","Information Technology","Equity","717,588.29","0.03","717,588.29","27,700.00","25.91","China","Shanghai Stock Exchange","CNY"
"688469","UNITED NOVA TECHNOLOGY LTD A","Information Technology","Equity","713,861.97","0.03","713,861.97","528,670.00","1.35","China","Shanghai Stock Exchange","CNY"
"688036","SHENZHEN TRANSSION HOLDINGS LTD A","Information Technology","Equity","713,517.43","0.03","713,517.43","80,047.00","8.91","China","Shanghai Stock Exchange","CNY"
"601168","WESTERN MINING LTD A","Materials","Equity","712,193.87","0.03","712,193.87","169,000.00","4.21","China","Shanghai Stock Exchange","CNY"
"000807","YUNNAN ALUMINIUM LTD A","Materials","Equity","711,122.59","0.03","711,122.59","211,301.00","3.37","China","Shenzhen Stock Exchange","CNY"
"600026","COSCO SHIPPING ENERGY TRANSPORTATI","Energy","Equity","706,195.19","0.03","706,195.19","276,400.00","2.55","China","Shanghai Stock Exchange","CNY"
"301269","EMPYREAN TECHNOLOGY LTD A","Information Technology","Equity","703,759.98","0.03","703,759.98","40,820.00","17.24","China","Shenzhen Stock Exchange","CNY"
"600674","SICHUAN CHUANTOU ENERGY LTD A","Utilities","Equity","699,357.07","0.03","699,357.07","327,902.00","2.13","China","Shanghai Stock Exchange","CNY"
"300548","EVERPROX TECHNOLOGIES LTD A","Information Technology","Equity","692,926.38","0.03","692,926.38","22,000.00","31.50","China","Shenzhen Stock Exchange","CNY"
"002027","FOCUS MEDIA INFORMATION TECHNOLOGY","Communication","Equity","689,749.04","0.03","689,749.04","926,731.00","0.74","China","Shenzhen Stock Exchange","CNY"
"002850","SHENZHEN KEDALI INDUSTRY LTD A","Consumer Discretionary","Equity","685,052.29","0.03","685,052.29","20,800.00","32.94","China","Shenzhen Stock Exchange","CNY"
"600436","ZHANGZHOU PIENTZEHUANG PHARMACEUTI","Health Care","Equity","669,038.25","0.02","669,038.25","39,569.00","16.91","China","Shanghai Stock Exchange","CNY"
"601991","DATANG INTERNATIONAL POWER GENERAT","Utilities","Equity","668,616.46","0.02","668,616.46","615,100.00","1.09","China","Shanghai Stock Exchange","CNY"
"002653","HAISCO PHARMACEUTICAL GROUP LTD A","Health Care","Equity","664,748.84","0.02","664,748.84","64,700.00","10.27","China","Shenzhen Stock Exchange","CNY"
"000066","CHINA GREATWALL TECHNOLOGY GROUP L","Information Technology","Equity","664,248.98","0.02","664,248.98","239,952.00","2.77","China","Shenzhen Stock Exchange","CNY"
"600011","HUANENG POWER INTERNATIONAL INC A","Utilities","Equity","663,312.94","0.02","663,312.94","643,300.00","1.03","China","Shanghai Stock Exchange","CNY"
"002625","KUANG-CHI TECHNOLOGIES LTD A","Industrials","Equity","657,011.70","0.02","657,011.70","144,600.00","4.54","China","Shenzhen Stock Exchange","CNY"
"002049","UNIGROUP GUOXIN MICROELECTRONICS L","Information Technology","Equity","655,454.71","0.02","655,454.71","53,559.00","12.24","China","Shenzhen Stock Exchange","CNY"
"002185","TIANSHUI HUATIAN TECHNOLOGY LTD A","Information Technology","Equity","652,885.79","0.02","652,885.79","222,600.00","2.93","China","Shenzhen Stock Exchange","CNY"
"600115","CHINA EASTERN AIRLINES CORP LTD A","Industrials","Equity","651,756.27","0.02","651,756.27","1,150,900.00","0.57","China","Shanghai Stock Exchange","CNY"
"688019","ANJI MICROELECTRONICS TECHNOLOGY (","Information Technology","Equity","639,476.91","0.02","639,476.91","15,025.00","42.56","China","Shanghai Stock Exchange","CNY"
"601958","JINDUICHENG MOLYBDENUM LTD A","Materials","Equity","635,132.75","0.02","635,132.75","182,500.00","3.48","China","Shanghai Stock Exchange","CNY"
"600585","ANHUI CONCH CEMENT LTD A","Materials","Equity","631,480.48","0.02","631,480.48","249,600.00","2.53","China","Shanghai Stock Exchange","CNY"
"301358","HUNAN YUNENG NEW ENERGY BATTERY MA","Industrials","Equity","620,629.55","0.02","620,629.55","57,500.00","10.79","China","Shenzhen Stock Exchange","CNY"
"688387","CICT MOBILE COMMUNICATION TECHNOLO","Information Technology","Equity","616,677.72","0.02","616,677.72","213,141.00","2.89","China","Shanghai Stock Exchange","CNY"
"601901","FOUNDER SECURITIES LTD A","Financials","Equity","613,299.41","0.02","613,299.41","575,900.00","1.06","China","Shanghai Stock Exchange","CNY"
"600023","ZHEJIANG ZHENENG ELECTRIC POWER LT","Utilities","Equity","610,987.43","0.02","610,987.43","767,800.00","0.80","China","Shanghai Stock Exchange","CNY"
"603228","SHENZHEN KINWONG ELECTRONIC LTD A","Information Technology","Equity","606,166.66","0.02","606,166.66","60,800.00","9.97","China","Shanghai Stock Exchange","CNY"
"000960","YUNNAN TIN LTD A","Materials","Equity","605,094.95","0.02","605,094.95","101,800.00","5.94","China","Shenzhen Stock Exchange","CNY"
"601916","CHINA ZHESHANG BANK LTD A","Financials","Equity","601,030.64","0.02","601,030.64","1,438,770.00","0.42","China","Shanghai Stock Exchange","CNY"
"002128","INNER MONGOLIA DIAN TOU ENERGY COR","Energy","Equity","596,549.83","0.02","596,549.83","163,600.00","3.65","China","Shenzhen Stock Exchange","CNY"
"000426","INNER MONGOLIA XINGYE SILVER&TIN M","Materials","Equity","595,384.28","0.02","595,384.28","113,700.00","5.24","China","Shenzhen Stock Exchange","CNY"
"002595","SHANDONG HIMILE MECHANICAL SCIENCE","Industrials","Equity","594,918.13","0.02","594,918.13","83,410.00","7.13","China","Shenzhen Stock Exchange","CNY"
"002736","GUOSEN SECURITIES LTD A","Financials","Equity","591,145.40","0.02","591,145.40","381,300.00","1.55","China","Shenzhen Stock Exchange","CNY"
"600895","SHANGHAI ZHANGJIANG HI-TECH PARK D","Real Estate","Equity","590,346.70","0.02","590,346.70","116,400.00","5.07","China","Shanghai Stock Exchange","CNY"
"300316","ZHEJIANG JINGSHENG MECHANICAL & EL","Information Technology","Equity","589,162.32","0.02","589,162.32","83,100.00","7.09","China","Shenzhen Stock Exchange","CNY"
"001389","DELTON TECHNOLOGY (GUANGZHOU) INC","Information Technology","Equity","586,628.23","0.02","586,628.23","20,800.00","28.20","China","Shenzhen Stock Exchange","CNY"
"002812","YUNNAN ENERGY NEW MATERIAL (GROUP)","Materials","Equity","584,172.98","0.02","584,172.98","61,100.00","9.56","China","Shenzhen Stock Exchange","CNY"
"000617","CNPC CAPITAL LTD A","Financials","Equity","582,520.50","0.02","582,520.50","582,392.00","1.00","China","Shenzhen Stock Exchange","CNY"
"601319","THE PEOPLES INSURANCE COMPANY (GRO","Financials","Equity","581,918.37","0.02","581,918.37","541,200.00","1.08","China","Shanghai Stock Exchange","CNY"
"001979","CHINA MERCHANTS SHEKOU INDUSTRIAL","Real Estate","Equity","581,012.87","0.02","581,012.87","587,800.00","0.99","China","Shenzhen Stock Exchange","CNY"
"688047","LOONGSON TECHNOLOGY CORP LTD A","Information Technology","Equity","580,389.87","0.02","580,389.87","28,158.00","20.61","China","Shanghai Stock Exchange","CNY"
"601877","ZHEJIANG CHINT ELECTRICS LTD A","Industrials","Equity","579,134.81","0.02","579,134.81","156,800.00","3.69","China","Shanghai Stock Exchange","CNY"
"600601","FOUNDER TECHNOLOGY GROUP LTD A","Information Technology","Equity","579,006.25","0.02","579,006.25","262,600.00","2.20","China","Shanghai Stock Exchange","CNY"
"600096","YUNNAN YUNTIANHUA LTD A","Materials","Equity","573,133.05","0.02","573,133.05","128,638.00","4.46","China","Shanghai Stock Exchange","CNY"
"600066","YUTONG BUS LTD A","Industrials","Equity","571,393.10","0.02","571,393.10","132,400.00","4.32","China","Shanghai Stock Exchange","CNY"
"002064","HUAFON CHEMICAL LTD A","Materials","Equity","570,189.31","0.02","570,189.31","348,600.00","1.64","China","Shenzhen Stock Exchange","CNY"
"300866","ANKER INNOVATIONS TECHNOLOGY LTD A","Information Technology","Equity","569,903.07","0.02","569,903.07","36,200.00","15.74","China","Shenzhen Stock Exchange","CNY"
"600221","HAINAN AIRLINES HOLDING LTD A","Industrials","Equity","569,517.69","0.02","569,517.69","2,805,700.00","0.20","China","Shanghai Stock Exchange","CNY"
"600580","WOLONG ELECTRIC DRIVE GROUP LTD A","Industrials","Equity","567,660.22","0.02","567,660.22","101,800.00","5.58","China","Shanghai Stock Exchange","CNY"
"688331","REMEGEN LTD A","Health Care","Equity","564,130.65","0.02","564,130.65","26,818.00","21.04","China","Shanghai Stock Exchange","CNY"
"600415","ZHEJIANG CHINA COMMODITIES CITY GR","Consumer Discretionary","Equity","562,359.35","0.02","562,359.35","360,000.00","1.56","China","Shanghai Stock Exchange","CNY"
"601788","EVERBRIGHT SECURITIES LTD A","Financials","Equity","560,686.04","0.02","560,686.04","247,200.00","2.27","China","Shanghai Stock Exchange","CNY"
"000783","CHANGJIANG SECURITIES LTD A","Financials","Equity","556,366.41","0.02","556,366.41","396,900.00","1.40","China","Shenzhen Stock Exchange","CNY"
"002532","TIANSHAN ALUMINUM GROUP LTD A","Materials","Equity","555,524.46","0.02","555,524.46","325,300.00","1.71","China","Shenzhen Stock Exchange","CNY"
"601377","INDUSTRIAL SECURITIES LTD A","Financials","Equity","554,912.85","0.02","554,912.85","607,500.00","0.91","China","Shanghai Stock Exchange","CNY"
"600418","ANHUI JIANGHUAI AUTOMOBILE CORP LT","Consumer Discretionary","Equity","554,513.50","0.02","554,513.50","151,400.00","3.66","China","Shanghai Stock Exchange","CNY"
"000963","HUADONG MEDICINE LTD A","Health Care","Equity","554,577.98","0.02","554,577.98","123,860.00","4.48","China","Shenzhen Stock Exchange","CNY"
"000625","CHONGQING CHANGAN AUTOMOBILE LTD A","Consumer Discretionary","Equity","554,250.38","0.02","554,250.38","524,801.00","1.06","China","Shenzhen Stock Exchange","CNY"
"002414","WUHAN GUIDE INFRARED LTD A","Information Technology","Equity","551,941.80","0.02","551,941.80","304,576.00","1.81","China","Shenzhen Stock Exchange","CNY"
"688375","GUOBO ELECTRONICS LTD A","Information Technology","Equity","549,068.84","0.02","549,068.84","35,721.00","15.37","China","Shanghai Stock Exchange","CNY"
"601360","360 SECURITY TECHNOLOGY INC A","Information Technology","Equity","548,452.60","0.02","548,452.60","436,100.00","1.26","China","Shanghai Stock Exchange","CNY"
"601231","UNIVERSAL SCIENTIFIC INDUSTRIAL (S","Information Technology","Equity","539,487.39","0.02","539,487.39","123,700.00","4.36","China","Shanghai Stock Exchange","CNY"
"300395","HUBEI FEILIHUA QUARTZ GLASS LTD A","Materials","Equity","534,468.78","0.02","534,468.78","33,400.00","16.00","China","Shenzhen Stock Exchange","CNY"
"000157","ZOOMLION HEAVY INDUSTRY SCIENCE AN","Industrials","Equity","532,804.26","0.02","532,804.26","496,882.00","1.07","China","Shenzhen Stock Exchange","CNY"
"600988","CHIFENG JILONG GOLD MINING GROUP L","Materials","Equity","529,881.59","0.02","529,881.59","114,000.00","4.65","China","Shanghai Stock Exchange","CNY"
"000933","HENAN SHENHUO COAL & POWER LTD A","Materials","Equity","528,343.02","0.02","528,343.02","159,500.00","3.31","China","Shenzhen Stock Exchange","CNY"
"300782","MAXSCEND MICROELECTRONICS LTD A","Information Technology","Equity","526,449.75","0.02","526,449.75","37,352.00","14.09","China","Shenzhen Stock Exchange","CNY"
"002304","JIANGSU YANGHE BREWERY JOINT-STOCK","Consumer Staples","Equity","522,252.80","0.02","522,252.80","90,598.00","5.76","China","Shenzhen Stock Exchange","CNY"
"002236","ZHEJIANG DAHUA TECHNOLOGY LTD A","Information Technology","Equity","519,013.31","0.02","519,013.31","212,050.00","2.45","China","Shenzhen Stock Exchange","CNY"
"600048","POLY DEVELOPMENTS AND HOLDINGS GRO","Real Estate","Equity","514,543.50","0.02","514,543.50","734,900.00","0.70","China","Shanghai Stock Exchange","CNY"
"601077","CHONGQING RURAL COMMERCIAL BANK LT","Financials","Equity","514,752.08","0.02","514,752.08","545,100.00","0.94","China","Shanghai Stock Exchange","CNY"
"600029","CHINA SOUTHERN AIRLINES LTD A","Industrials","Equity","514,499.38","0.02","514,499.38","668,800.00","0.77","China","Shanghai Stock Exchange","CNY"
"600233","YTO EXPRESS GROUP LTD A","Industrials","Equity","508,074.43","0.02","508,074.43","198,400.00","2.56","China","Shanghai Stock Exchange","CNY"
"002558","GIANT NETWORK GROUP LTD A","Communication","Equity","505,330.30","0.02","505,330.30","125,200.00","4.04","China","Shenzhen Stock Exchange","CNY"
"001965","CHINA MERCHANTS EXPRESSWAY NETWORK","Industrials","Equity","504,363.61","0.02","504,363.61","361,700.00","1.39","China","Shenzhen Stock Exchange","CNY"
"600039","SICHUAN ROAD & BRIDGE LTD A","Industrials","Equity","501,223.04","0.02","501,223.04","398,080.00","1.26","China","Shanghai Stock Exchange","CNY"
"600219","SHANDONG NANSHAN ALUMINIUM LTD A","Materials","Equity","500,014.27","0.02","500,014.27","811,300.00","0.62","China","Shanghai Stock Exchange","CNY"
"300418","KUNLUN TECH LTD A","Communication","Equity","499,616.83","0.02","499,616.83","78,900.00","6.33","China","Shenzhen Stock Exchange","CNY"
"603659","SHANGHAI PUTAILAI NEW ENERGY TECHN","Materials","Equity","498,321.93","0.02","498,321.93","125,290.00","3.98","China","Shanghai Stock Exchange","CNY"
"600438","TONGWEI LTD A","Information Technology","Equity","497,891.01","0.02","497,891.01","290,800.00","1.71","China","Shanghai Stock Exchange","CNY"
"000975","SHANJIN INTERNATIONAL GOLD LTD A","Materials","Equity","495,313.70","0.02","495,313.70","166,620.00","2.97","China","Shenzhen Stock Exchange","CNY"
"688188","SHANGHAI FRIENDESS ELECTRONICS TEC","Information Technology","Equity","493,475.04","0.02","493,475.04","32,537.00","15.17","China","Shanghai Stock Exchange","CNY"
"600426","SHANDONG HUALU-HENGSHENG CHEMICAL","Materials","Equity","491,317.20","0.02","491,317.20","128,470.00","3.82","China","Shanghai Stock Exchange","CNY"
"688099","AMLOGIC (SHANGHAI) LTD A","Information Technology","Equity","484,677.41","0.02","484,677.41","35,283.00","13.74","China","Shanghai Stock Exchange","CNY"
"002074","GOTION HIGH-TECH LTD A","Industrials","Equity","481,999.71","0.02","481,999.71","122,500.00","3.93","China","Shenzhen Stock Exchange","CNY"
"601456","GUOLIAN MINSHENG SECURITIES LTD A","Financials","Equity","478,426.42","0.02","478,426.42","361,800.00","1.32","China","Shanghai Stock Exchange","CNY"
"601607","SHANGHAI PHARMACEUTICALS HOLDING L","Health Care","Equity","475,219.54","0.02","475,219.54","196,400.00","2.42","China","Shanghai Stock Exchange","CNY"
"600741","HUAYU AUTOMOTIVE SYSTEMS LTD A","Consumer Discretionary","Equity","473,266.16","0.02","473,266.16","198,000.00","2.39","China","Shanghai Stock Exchange","CNY"
"300803","BEIJING COMPASS TECHNOLOGY DEVELOP","Financials","Equity","470,103.70","0.02","470,103.70","37,600.00","12.50","China","Shenzhen Stock Exchange","CNY"
"600642","SHENERGY LTD A","Utilities","Equity","468,717.78","0.02","468,717.78","361,290.00","1.30","China","Shanghai Stock Exchange","CNY"
"300765","CSPC INNOVATION PHARMACEUTICAL LTD","Health Care","Equity","468,410.83","0.02","468,410.83","86,700.00","5.40","China","Shenzhen Stock Exchange","CNY"
"002294","SHENZHEN SALUBRIS PHARMACEUTICALS","Health Care","Equity","466,465.34","0.02","466,465.34","79,620.00","5.86","China","Shenzhen Stock Exchange","CNY"
"002920","HUIZHOU DESAY SV AUTOMOTIVE LTD A","Consumer Discretionary","Equity","465,237.63","0.02","465,237.63","37,400.00","12.44","China","Shenzhen Stock Exchange","CNY"
"688027","QUANTUMCTEK LTD A","Information Technology","Equity","464,998.83","0.02","464,998.83","7,259.00","64.06","China","Shanghai Stock Exchange","CNY"
"001203","DAZHONG MINING LTD A","Materials","Equity","464,330.37","0.02","464,330.37","103,500.00","4.49","China","Shenzhen Stock Exchange","CNY"
"000831","CHINA RARE EARTH RESOURCES AND TEC","Materials","Equity","458,857.10","0.02","458,857.10","61,000.00","7.52","China","Shenzhen Stock Exchange","CNY"
"002129","TCL ZHONGHUAN RENEWABLE ENERGY TEC","Information Technology","Equity","458,552.99","0.02","458,552.99","311,125.00","1.47","China","Shenzhen Stock Exchange","CNY"
"600196","SHANGHAI FOSUN PHARMACEUTICAL (GRO","Health Care","Equity","445,224.10","0.02","445,224.10","125,700.00","3.54","China","Shanghai Stock Exchange","CNY"
"002738","SINOMINE RESOURCE GROUP LTD A","Materials","Equity","442,520.85","0.02","442,520.85","47,400.00","9.34","China","Shenzhen Stock Exchange","CNY"
"601555","SOOCHOW SECURITIES CO LTD A","Financials","Equity","439,081.77","0.02","439,081.77","365,373.00","1.20","China","Shanghai Stock Exchange","CNY"
"600918","ZHONGTAI SECURITIES LTD A","Financials","Equity","438,155.48","0.02","438,155.48","541,600.00","0.81","China","Shanghai Stock Exchange","CNY"
"601699","SHANXI LUAN ENVIRONMENTAL ENERGY D","Energy","Equity","434,990.07","0.02","434,990.07","195,200.00","2.23","China","Shanghai Stock Exchange","CNY"
"601021","SPRING AIRLINES LTD A","Industrials","Equity","431,105.10","0.02","431,105.10","61,200.00","7.04","China","Shanghai Stock Exchange","CNY"
"601198","DONGXING SECURITIES CORP LTD A","Financials","Equity","430,903.88","0.02","430,903.88","210,000.00","2.05","China","Shanghai Stock Exchange","CNY"
"603260","HOSHINE SILICON INDUSTRY LTD A","Materials","Equity","429,384.13","0.02","429,384.13","67,200.00","6.39","China","Shanghai Stock Exchange","CNY"
"002601","LB GROUP LTD A","Materials","Equity","428,098.41","0.02","428,098.41","170,900.00","2.50","China","Shenzhen Stock Exchange","CNY"
"002379","SHANDONG HONGQIAO ALUMINUM INDUSTR","Materials","Equity","414,366.26","0.02","414,366.26","185,700.00","2.23","China","Shenzhen Stock Exchange","CNY"
"600803","ENN NATURAL GAS LTD A","Utilities","Equity","412,792.53","0.02","412,792.53","164,500.00","2.51","China","Shanghai Stock Exchange","CNY"
"601117","CHINA NATIONAL CHEMICAL ENGINEERIN","Industrials","Equity","411,563.73","0.02","411,563.73","364,800.00","1.13","China","Shanghai Stock Exchange","CNY"
"300058","BLUEFOCUS INTELLIGENT COMMUNICATIO","Communication","Equity","411,563.73","0.02","411,563.73","224,200.00","1.84","China","Shenzhen Stock Exchange","CNY"
"600021","SHANGHAI ELECTRIC POWER LTD A","Utilities","Equity","408,496.29","0.02","408,496.29","187,900.00","2.17","China","Shanghai Stock Exchange","CNY"
"000688","GUOCHENG MINING LTD A","Materials","Equity","408,415.98","0.02","408,415.98","77,300.00","5.28","China","Shenzhen Stock Exchange","CNY"
"601216","INNER MONGOLIA JUNZHENG ENERGY & C","Materials","Equity","407,803.49","0.02","407,803.49","578,800.00","0.70","China","Shanghai Stock Exchange","CNY"
"000559","WANXIANG QIANCHAO LTD A","Consumer Discretionary","Equity","407,581.67","0.02","407,581.67","211,200.00","1.93","China","Shenzhen Stock Exchange","CNY"
"600027","HUADIAN POWER INTERNATIONAL CORP L","Utilities","Equity","407,287.79","0.02","407,287.79","609,900.00","0.67","China","Shanghai Stock Exchange","CNY"
"600143","KINGFA SCI&TECH LTD A","Materials","Equity","404,564.54","0.02","404,564.54","170,200.00","2.38","China","Shanghai Stock Exchange","CNY"
"300115","SHENZHEN EVERWIN PRECISION TECHNOL","Information Technology","Equity","402,873.28","0.02","402,873.28","89,100.00","4.52","China","Shenzhen Stock Exchange","CNY"
"688223","JINKO SOLAR LTD A","Information Technology","Equity","401,461.95","0.01","401,461.95","614,716.00","0.65","China","Shanghai Stock Exchange","CNY"
"000999","CHINA RESOURCES SANJIU MEDICAL AND","Health Care","Equity","399,340.56","0.01","399,340.56","111,817.00","3.57","China","Shenzhen Stock Exchange","CNY"
"300454","SANGFOR TECHNOLOGIES INC A","Information Technology","Equity","396,526.29","0.01","396,526.29","29,900.00","13.26","China","Shenzhen Stock Exchange","CNY"
"601878","ZHESHANG SECURITIES LTD A","Financials","Equity","395,026.55","0.01","395,026.55","274,600.00","1.44","China","Shanghai Stock Exchange","CNY"
"601058","SAILUN GROUP LTD A","Consumer Discretionary","Equity","394,300.21","0.01","394,300.21","207,000.00","1.90","China","Shanghai Stock Exchange","CNY"
"300628","YEALINK NETWORK TECHNOLOGY LTD A","Information Technology","Equity","393,023.87","0.01","393,023.87","79,240.00","4.96","China","Shenzhen Stock Exchange","CNY"
"300919","CNGR ADVANCED MATERIAL LTD A","Industrials","Equity","389,789.78","0.01","389,789.78","63,140.00","6.17","China","Shenzhen Stock Exchange","CNY"
"000708","CITIC PACIFIC SPECIAL STEEL GROUP","Materials","Equity","385,232.04","0.01","385,232.04","194,000.00","1.99","China","Shenzhen Stock Exchange","CNY"
"002078","SHANDONG SUNPAPER LTD A","Materials","Equity","382,702.62","0.01","382,702.62","202,475.00","1.89","China","Shenzhen Stock Exchange","CNY"
"603806","HANGZHOU FIRST APPLIED MATERIAL LT","Information Technology","Equity","380,572.82","0.01","380,572.82","172,144.00","2.21","China","Shanghai Stock Exchange","CNY"
"600570","HUNDSUN TECHNOLOGIES INC A","Information Technology","Equity","368,310.67","0.01","368,310.67","119,293.00","3.09","China","Shanghai Stock Exchange","CNY"
"601618","METALLURGICAL CORP OF CHINA LTD A","Industrials","Equity","366,643.38","0.01","366,643.38","977,500.00","0.38","China","Shanghai Stock Exchange","CNY"
"002555","37 INTERACTIVE ENTERTAINMENT NETWO","Communication","Equity","365,960.14","0.01","365,960.14","131,500.00","2.78","China","Shenzhen Stock Exchange","CNY"
"002517","KINGNET NETWORK LTD A","Communication","Equity","363,424.43","0.01","363,424.43","142,900.00","2.54","China","Shenzhen Stock Exchange","CNY"
"603568","ZHEJIANG WEIMING ENVIRONMENT PROTE","Industrials","Equity","362,709.60","0.01","362,709.60","151,560.00","2.39","China","Shanghai Stock Exchange","CNY"
"601162","TIANFENG SECURITIES LTD A","Financials","Equity","361,424.87","0.01","361,424.87","676,900.00","0.53","China","Shanghai Stock Exchange","CNY"
"601212","BAIYIN NONFERROUS GROUP LTD A","Materials","Equity","360,244.91","0.01","360,244.91","466,500.00","0.77","China","Shanghai Stock Exchange","CNY"
"300759","PHARMARON BEIJING LTD A","Health Care","Equity","355,084.56","0.01","355,084.56","78,378.00","4.53","China","Shenzhen Stock Exchange","CNY"
"601777","CHONGQING QIANLI TECHNOLOGY LTD A","Consumer Discretionary","Equity","354,715.75","0.01","354,715.75","289,500.00","1.23","China","Shanghai Stock Exchange","CNY"
"600061","SDIC CAPITAL LTD A","Financials","Equity","353,743.62","0.01","353,743.62","361,100.00","0.98","China","Shanghai Stock Exchange","CNY"
"301236","ISOFTSTONE INFORMATION TECHNOLOGY","Information Technology","Equity","352,038.54","0.01","352,038.54","62,100.00","5.67","China","Shenzhen Stock Exchange","CNY"
"300748","JL MAG RARE-EARTH LTD A","Industrials","Equity","352,121.06","0.01","352,121.06","73,500.00","4.79","China","Shenzhen Stock Exchange","CNY"
"688472","CSI SOLAR LTD A","Information Technology","Equity","350,149.61","0.01","350,149.61","233,153.00","1.50","China","Shanghai Stock Exchange","CNY"
"600845","SHANGHAI BAOSIGHT SOFTWARE LTD A","Information Technology","Equity","348,496.58","0.01","348,496.58","130,322.00","2.67","China","Shanghai Stock Exchange","CNY"
"601799","CHANGZHOU XINGYU AUTOMOTIVE LIGHTI","Consumer Discretionary","Equity","347,459.88","0.01","347,459.88","23,100.00","15.04","China","Shanghai Stock Exchange","CNY"
"000786","BEIJING NEW BUILDING MATERIALS PUB","Industrials","Equity","340,711.92","0.01","340,711.92","124,200.00","2.74","China","Shenzhen Stock Exchange","CNY"
"688187","ZHUZHOU CRRC TIMES ELECTRIC LTD A","Industrials","Equity","340,612.32","0.01","340,612.32","40,597.00","8.39","China","Shanghai Stock Exchange","CNY"
"601696","BOC INTERNATIONAL (CHINA) LTD A","Financials","Equity","338,060.90","0.01","338,060.90","184,900.00","1.83","China","Shanghai Stock Exchange","CNY"
"002195","SHANGHAI STONEHILL TECHNOLOGY LTD","Information Technology","Equity","336,864.90","0.01","336,864.90","358,400.00","0.94","China","Shenzhen Stock Exchange","CNY"
"601108","CAITONG SECURITIES LTD A","Financials","Equity","335,749.25","0.01","335,749.25","250,010.00","1.34","China","Shanghai Stock Exchange","CNY"
"688303","XINJIANG DAQO NEW ENERGY LTD A","Information Technology","Equity","335,422.26","0.01","335,422.26","134,535.00","2.49","China","Shanghai Stock Exchange","CNY"
"600352","ZHEJIANG LONGSHENG GROUP LTD A","Materials","Equity","334,987.26","0.01","334,987.26","181,467.00","1.85","China","Shanghai Stock Exchange","CNY"
"600600","TSINGTAO BREWERY LTD A","Consumer Staples","Equity","333,750.79","0.01","333,750.79","41,679.00","8.01","China","Shanghai Stock Exchange","CNY"
"300207","SUNWODA ELECTRONIC LTD A","Industrials","Equity","333,646.10","0.01","333,646.10","124,700.00","2.68","China","Shenzhen Stock Exchange","CNY"
"002966","BANK OF SUZHOU LTD A","Financials","Equity","328,106.12","0.01","328,106.12","303,487.00","1.08","China","Shenzhen Stock Exchange","CNY"
"688122","WESTERN SUPERCONDUCTING TECHNOLOGI","Materials","Equity","327,572.67","0.01","327,572.67","39,556.00","8.28","China","Shanghai Stock Exchange","CNY"
"600515","HAINAN AIRPORT INFRASTRUCTURE LTD","Real Estate","Equity","327,579.20","0.01","327,579.20","795,374.00","0.41","China","Shanghai Stock Exchange","CNY"
"688617","APT MEDICAL INC A","Health Care","Equity","323,308.52","0.01","323,308.52","11,302.00","28.61","China","Shanghai Stock Exchange","CNY"
"002487","DAJIN HEAVY INDUSTRY LTD A","Industrials","Equity","322,879.17","0.01","322,879.17","42,100.00","7.67","China","Shenzhen Stock Exchange","CNY"
"600536","CHINA NATIONAL SOFTWARE & SERVICE","Information Technology","Equity","319,644.41","0.01","319,644.41","78,310.00","4.08","China","Shanghai Stock Exchange","CNY"
"600711","CHENGTUN MINING GROUP LTD A","Materials","Equity","317,761.27","0.01","317,761.27","190,000.00","1.67","China","Shanghai Stock Exchange","CNY"
"600733","BAIC BLUEPARK NEW ENERGY TECHNOLOG","Consumer Discretionary","Equity","317,067.90","0.01","317,067.90","454,765.00","0.70","China","Shanghai Stock Exchange","CNY"
"603392","BEIJING WANTAI BIOLOGICAL PHARMACY","Health Care","Equity","316,180.21","0.01","316,180.21","74,741.00","4.23","China","Shanghai Stock Exchange","CNY"
"603606","NINGBO ORIENT WIRES & CABLES LTD A","Industrials","Equity","314,627.52","0.01","314,627.52","50,880.00","6.18","China","Shanghai Stock Exchange","CNY"
"603486","ECOVACS ROBOTICS LTD A","Consumer Discretionary","Equity","312,801.35","0.01","312,801.35","40,200.00","7.78","China","Shanghai Stock Exchange","CNY"
"300251","BEIJING ENLIGHT MEDIA LTD A","Communication","Equity","309,691.39","0.01","309,691.39","184,364.00","1.68","China","Shenzhen Stock Exchange","CNY"
"002465","GUANGZHOU HAIGE COMMUNICATIONS GRO","Information Technology","Equity","299,817.61","0.01","299,817.61","158,500.00","1.89","China","Shenzhen Stock Exchange","CNY"
"600298","ANGEL YEAST LTD A","Consumer Staples","Equity","297,665.66","0.01","297,665.66","52,700.00","5.65","China","Shanghai Stock Exchange","CNY"
"000983","SHANXI COKING COAL ENERGY GROUP LT","Energy","Equity","296,977.92","0.01","296,977.92","313,510.00","0.95","China","Shenzhen Stock Exchange","CNY"
"688599","TRINA SOLAR LTD A","Information Technology","Equity","296,714.80","0.01","296,714.80","151,329.00","1.96","China","Shanghai Stock Exchange","CNY"
"600085","BEIJING TONGRENTANG LTD A","Health Care","Equity","296,266.02","0.01","296,266.02","84,950.00","3.49","China","Shanghai Stock Exchange","CNY"
"000932","HUNAN VALIN STEEL LTD A","Materials","Equity","295,640.22","0.01","295,640.22","563,000.00","0.53","China","Shenzhen Stock Exchange","CNY"
"601238","GUANGZHOU AUTOMOBILE GROUP LTD A","Consumer Discretionary","Equity","292,114.44","0.01","292,114.44","374,000.00","0.78","China","Shanghai Stock Exchange","CNY"
"002340","GEM LTD A","Industrials","Equity","289,747.89","0.01","289,747.89","285,900.00","1.01","China","Shenzhen Stock Exchange","CNY"
"601577","BANK OF CHANGSHA LTD A","Financials","Equity","287,875.71","0.01","287,875.71","217,700.00","1.32","China","Shanghai Stock Exchange","CNY"
"300122","CHONGQING ZHIFEI BIOLOGICAL PRODUC","Health Care","Equity","286,873.87","0.01","286,873.87","159,600.00","1.80","China","Shenzhen Stock Exchange","CNY"
"300832","SHENZHEN NEW INDUSTRIES BIOMEDICAL","Health Care","Equity","283,237.48","0.01","283,237.48","47,000.00","6.03","China","Shenzhen Stock Exchange","CNY"
"000728","GUOYUAN SECURITIES LTD A","Financials","Equity","282,919.11","0.01","282,919.11","255,435.00","1.11","China","Shenzhen Stock Exchange","CNY"
"600588","YONYOU NETWORK TECHNOLOGY LTD A","Information Technology","Equity","281,970.86","0.01","281,970.86","208,594.00","1.35","China","Shanghai Stock Exchange","CNY"
"600009","SHANGHAI INTERNATIONAL AIRPORT LTD","Industrials","Equity","281,113.48","0.01","281,113.48","82,200.00","3.42","China","Shanghai Stock Exchange","CNY"
"600839","SICHUAN CHANGHONG ELECTRIC LTD A","Consumer Discretionary","Equity","279,831.14","0.01","279,831.14","283,100.00","0.99","China","Shanghai Stock Exchange","CNY"
"300413","MANGO EXCELLENT MEDIA LTD A","Communication","Equity","276,584.01","0.01","276,584.01","124,280.00","2.23","China","Shenzhen Stock Exchange","CNY"
"688568","GEOVIS TECHNOLOGY LTD A","Information Technology","Equity","274,344.71","0.01","274,344.71","48,445.00","5.66","China","Shanghai Stock Exchange","CNY"
"300896","IMEIK TECHNOLOGY DEVELOPMENT LTD A","Health Care","Equity","271,190.49","0.01","271,190.49","20,132.00","13.47","China","Shenzhen Stock Exchange","CNY"
"002939","CHINA GREATWALL SECURITIES LTD A","Financials","Equity","266,721.88","0.01","266,721.88","214,847.00","1.24","China","Shenzhen Stock Exchange","CNY"
"002131","LEO GROUP LTD A","Communication","Equity","265,103.77","0.01","265,103.77","421,100.00","0.63","China","Shenzhen Stock Exchange","CNY"
"CNH","CNH CASH","Cash and/or Derivatives","Cash","262,988.04","0.01","262,988.04","1,787,924.00","14.71","China","-","CNH"
"000596","ANHUI GUJING DISTILLERY LTD A","Consumer Staples","Equity","254,999.34","0.01","254,999.34","21,700.00","11.75","China","Shenzhen Stock Exchange","CNY"
"601933","YONGHUI SUPERSTORES LTD A","Consumer Staples","Equity","250,334.63","0.01","250,334.63","549,000.00","0.46","China","Shanghai Stock Exchange","CNY"
"000876","NEW HOPE LIUHE LTD A","Consumer Staples","Equity","247,914.69","0.01","247,914.69","231,200.00","1.07","China","Shenzhen Stock Exchange","CNY"
"600157","WINTIME ENERGY GROUP LTD A","Utilities","Equity","246,752.23","0.01","246,752.23","1,068,500.00","0.23","China","Shanghai Stock Exchange","CNY"
"002252","SHANGHAI RAAS BLOOD PRODUCTS LTD A","Health Care","Equity","246,452.07","0.01","246,452.07","361,880.00","0.68","China","Shenzhen Stock Exchange","CNY"
"300255","HEBEI CHANGSHAN BIOCHEMICAL PHARMA","Health Care","Equity","237,571.67","0.01","237,571.67","65,100.00","3.65","China","Shenzhen Stock Exchange","CNY"
"000002","CHINA VANKE LTD A","Real Estate","Equity","234,500.41","0.01","234,500.41","519,300.00","0.45","China","Shenzhen Stock Exchange","CNY"
"000661","CHANGCHUN HIGH & NEW TECHNOLOGY IN","Health Care","Equity","226,816.50","0.01","226,816.50","22,200.00","10.22","China","Shenzhen Stock Exchange","CNY"
"000564","CCOOP GROUP LTD A","Consumer Discretionary","Equity","213,347.06","0.01","213,347.06","1,066,500.00","0.20","China","Shenzhen Stock Exchange","CNY"
"002459","JA SOLAR TECHNOLOGY LTD A","Information Technology","Equity","208,226.04","0.01","208,226.04","176,292.00","1.18","China","Shenzhen Stock Exchange","CNY"
"601567","NINGBO SANXING MEDICAL ELECTRIC LT","Industrials","Equity","182,622.93","0.01","182,622.93","86,100.00","2.12","China","Shanghai Stock Exchange","CNY"
"300347","HANGZHOU TIGERMED CONSULTING LTD A","Health Care","Equity","142,057.07","0.01","142,057.07","19,750.00","7.19","China","Shenzhen Stock Exchange","CNY"
"EUR","EUR CASH","Cash and/or Derivatives","Cash","3,695.05","0.00","3,695.05","3,236.00","114.17","European Union","-","EUR"
"GBP","GBP CASH","Cash and/or Derivatives","Cash","120.98","0.00","120.98","91.00","133.56","United Kingdom","-","GBP"
"MCYN6","MSCI CHINA A 50 CONNECT JUL 26","Cash and/or Derivatives","Futures","0.00","0.00","5,429,670.00","79.00","2,749.20","China","Hong Kong Futures Exchange Ltd.","USD"
"MESU6","MSCI EMER MKT INDEX (ICE) SEP 26","Cash and/or Derivatives","Futures","0.00","0.00","18,658,775.00","215.00","1,735.70","-","Ice Futures U.S.","USD"
 