Fund Holdings as of,"03/Jul/2026"
 
Ticker,Name,Sector,Asset Class,Market Value,Weight (%),Notional Value,Shares,Price,Location,Exchange,Market Currency
"2330","TAIWAN SEMICONDUCTOR MANUFACTURING","Information Technology","Equity","1,300,009,099.44","18.81","1,300,009,099.44","17,003,800.00","76.45","Taiwan","Taiwan Stock Exchange","TWD"
"005930","SAMSUNG ELECTRONICS LTD","Information Technology","Equity","654,328,643.35","9.47","654,328,643.35","3,231,263.00","202.50","Korea (South)","Korea Exchange (Stock Market)","KRW"
"000660","SK HYNIX INC","Information Technology","Equity","605,561,404.08","8.76","605,561,404.08","381,666.00","1,586.63","Korea (South)","Korea Exchange (Stock Market)","KRW"
"4BRZ","ISHARES MSCI BRAZIL UCITS ET USDHA","Financials","Equity","327,400,602.68","4.74","327,400,602.68","6,635,602.00","49.34","Germany","Xetra","USD"
"2454","MEDIATEK INC","Information Technology","Equity","130,480,503.44","1.89","130,480,503.44","994,700.00","131.18","Taiwan","Taiwan Stock Exchange","TWD"
"2308","DELTA ELECTRONICS INC","Information Technology","Equity","87,107,176.36","1.26","87,107,176.36","1,342,500.00","64.88","Taiwan","Taiwan Stock Exchange","TWD"
"005935","SAMSUNG ELECTRONICS NON VOTING PRE","Information Technology","Equity","75,198,042.40","1.09","75,198,042.40","552,561.00","136.09","Korea (South)","Korea Exchange (Stock Market)","KRW"
"402340","SK SQUARE LTD","Industrials","Equity","66,134,171.68","0.96","66,134,171.68","63,612.00","1,039.65","Korea (South)","Korea Exchange (Stock Market)","KRW"
"HDFCBANK","HDFC BANK LTD","Financials","Equity","65,581,505.68","0.95","65,581,505.68","7,796,221.00","8.41","India","National Stock Exchange Of India","INR"
"2317","HON HAI PRECISION INDUSTRY LTD","Information Technology","Equity","64,116,788.62","0.93","64,116,788.62","8,525,800.00","7.52","Taiwan","Taiwan Stock Exchange","TWD"
"RELIANCE","RELIANCE INDUSTRIES LTD","Energy","Equity","57,423,721.93","0.83","57,423,721.93","4,193,495.00","13.69","India","National Stock Exchange Of India","INR"
"ICICIBANK","ICICI BANK LTD","Financials","Equity","54,894,733.93","0.79","54,894,733.93","3,703,761.00","14.82","India","National Stock Exchange Of India","INR"
"009150","SAMSUNG ELECTRO MECHANICS LTD","Information Technology","Equity","50,533,145.12","0.73","50,533,145.12","38,831.00","1,301.36","Korea (South)","Korea Exchange (Stock Market)","KRW"
"3711","ASE TECHNOLOGY HOLDING LTD","Information Technology","Equity","48,972,632.90","0.71","48,972,632.90","2,296,400.00","21.33","Taiwan","Taiwan Stock Exchange","TWD"
"2303","UNITED MICRO ELECTRONICS CORP","Information Technology","Equity","41,372,107.57","0.60","41,372,107.57","7,760,000.00","5.33","Taiwan","Taiwan Stock Exchange","TWD"
"2383","ELITE MATERIAL LTD","Information Technology","Equity","38,023,764.85","0.55","38,023,764.85","200,000.00","190.12","Taiwan","Taiwan Stock Exchange","TWD"
"BHARTIARTL","BHARTI AIRTEL LTD","Communication","Equity","37,875,321.28","0.55","37,875,321.28","1,887,967.00","20.06","India","National Stock Exchange Of India","INR"
"1120","AL RAJHI BANK","Financials","Equity","35,595,438.66","0.52","35,595,438.66","2,024,949.00","17.58","Saudi Arabia","Saudi Stock Exchange","SAR"
"2327","YAGEO CORP","Information Technology","Equity","34,879,211.38","0.50","34,879,211.38","1,067,404.00","32.68","Taiwan","Taiwan Stock Exchange","TWD"
"ANG","ANGLOGOLD ASHANTI PLC","Materials","Equity","29,912,222.64","0.43","29,912,222.64","348,787.00","85.76","South Africa","Johannesburg Stock Exchange","ZAR"
"2345","ACCTON TECHNOLOGY CORP","Information Technology","Equity","29,540,651.19","0.43","29,540,651.19","345,415.00","85.52","Taiwan","Taiwan Stock Exchange","TWD"
"005380","HYUNDAI MOTOR","Consumer Discretionary","Equity","29,501,007.59","0.43","29,501,007.59","91,645.00","321.91","Korea (South)","Korea Exchange (Stock Market)","KRW"
"2222","SAUDI ARABIAN OIL","Energy","Equity","28,964,695.01","0.42","28,964,695.01","4,166,699.00","6.95","Saudi Arabia","Saudi Stock Exchange","SAR"
"3037","UNIMICRON TECHNOLOGY CORP","Information Technology","Equity","27,786,362.85","0.40","27,786,362.85","917,036.00","30.30","Taiwan","Taiwan Stock Exchange","TWD"
"105560","KB FINANCIAL GROUP INC","Financials","Equity","27,070,095.07","0.39","27,070,095.07","243,233.00","111.29","Korea (South)","Korea Exchange (Stock Market)","KRW"
"NPN","NASPERS LIMITED LTD CLASS N","Consumer Discretionary","Equity","25,630,666.15","0.37","25,630,666.15","527,085.00","48.63","South Africa","Johannesburg Stock Exchange","ZAR"
"2891","CTBC FINANCIAL HOLDING LTD","Financials","Equity","25,012,445.28","0.36","25,012,445.28","11,330,000.00","2.21","Taiwan","Taiwan Stock Exchange","TWD"
"INFY","INFOSYS LTD","Information Technology","Equity","23,165,226.36","0.34","23,165,226.36","2,106,538.00","11.00","India","National Stock Exchange Of India","INR"
"OTP","OTP BANK","Financials","Equity","23,153,553.23","0.34","23,153,553.23","152,364.00","151.96","Hungary","Budapest Stock Exchange","HUF"
"GMEXICOB","GRUPO MEXICO B","Materials","Equity","22,944,980.00","0.33","22,944,980.00","2,009,845.00","11.42","Mexico","Bolsa Mexicana De Valores","MXN"
"AXISBANK","AXIS BANK LTD","Financials","Equity","22,184,045.19","0.32","22,184,045.19","1,574,049.00","14.09","India","National Stock Exchange Of India","INR"
"2382","QUANTA COMPUTER INC","Information Technology","Equity","22,085,975.61","0.32","22,085,975.61","1,873,500.00","11.79","Taiwan","Taiwan Stock Exchange","TWD"
"GFI","GOLD FIELDS LTD","Materials","Equity","22,034,160.69","0.32","22,034,160.69","606,996.00","36.30","South Africa","Johannesburg Stock Exchange","ZAR"
"2881","FUBON FINANCIAL HOLDING LTD","Financials","Equity","21,723,011.19","0.31","21,723,011.19","5,741,338.00","3.78","Taiwan","Taiwan Stock Exchange","TWD"
"FSR","FIRSTRAND LTD","Financials","Equity","21,131,838.90","0.31","21,131,838.90","3,553,752.00","5.95","South Africa","Johannesburg Stock Exchange","ZAR"
"1180","THE SAUDI NATIONAL BANK","Financials","Equity","21,008,110.69","0.30","21,008,110.69","2,024,565.00","10.38","Saudi Arabia","Saudi Stock Exchange","SAR"
"DELTA.R","DELTA ELECTRONICS (THAILAND) NON-V","Information Technology","Equity","20,367,448.88","0.29","20,367,448.88","2,142,300.00","9.51","Thailand","Stock Exchange Of Thailand","THB"
"1303","NAN YA PLASTICS CORP","Materials","Equity","20,340,650.41","0.29","20,340,650.41","3,302,000.00","6.16","Taiwan","Taiwan Stock Exchange","TWD"
"055550","SHINHAN FINANCIAL GROUP LTD","Financials","Equity","20,071,221.80","0.29","20,071,221.80","285,898.00","70.20","Korea (South)","Korea Exchange (Stock Market)","KRW"
"KFH","KUWAIT FINANCE HOUSE","Financials","Equity","19,919,977.04","0.29","19,919,977.04","7,995,049.00","2.49","Kuwait","Kuwait Stock Exchange","KWD"
"M&M","MAHINDRA AND MAHINDRA LTD","Consumer Discretionary","Equity","19,856,278.06","0.29","19,856,278.06","602,781.00","32.94","India","National Stock Exchange Of India","INR"
"3017","ASIA VITAL COMPONENTS LTD","Information Technology","Equity","19,590,994.37","0.28","19,590,994.37","227,000.00","86.30","Taiwan","Taiwan Stock Exchange","TWD"
"BAJFINANCE","BAJAJ FINANCE LTD","Financials","Equity","19,346,812.25","0.28","19,346,812.25","1,786,260.00","10.83","India","National Stock Exchange Of India","INR"
"LT","LARSEN AND TOUBRO LTD","Industrials","Equity","19,338,293.29","0.28","19,338,293.29","457,343.00","42.28","India","National Stock Exchange Of India","INR"
"2882","CATHAY FINANCIAL HOLDING LTD","Financials","Equity","18,933,775.61","0.27","18,933,775.61","6,469,040.00","2.93","Taiwan","Taiwan Stock Exchange","TWD"
"GFNORTEO","GPO FINANCE BANORTE","Financials","Equity","18,726,513.66","0.27","18,726,513.66","1,749,600.00","10.70","Mexico","Bolsa Mexicana De Valores","MXN"
"2360","CHROMA ATE INC","Information Technology","Equity","18,697,936.21","0.27","18,697,936.21","264,000.00","70.83","Taiwan","Taiwan Stock Exchange","TWD"
"SBK","STANDARD BANK GROUP","Financials","Equity","18,025,403.54","0.26","18,025,403.54","906,666.00","19.88","South Africa","Johannesburg Stock Exchange","ZAR"
"BAP","CREDICORP LTD","Financials","Equity","17,869,299.17","0.26","17,869,299.17","45,677.00","391.21","Peru","New York Stock Exchange Inc.","USD"
"CPI","CAPITEC LTD","Financials","Equity","17,559,576.28","0.25","17,559,576.28","59,645.00","294.40","South Africa","Johannesburg Stock Exchange","ZAR"
"012450","HANWHA AEROSPACE LTD","Industrials","Equity","17,421,273.88","0.25","17,421,273.88","22,661.00","768.78","Korea (South)","Korea Exchange (Stock Market)","KRW"
"MTN","MTN GROUP LTD","Communication","Equity","17,415,588.50","0.25","17,415,588.50","1,210,017.00","14.39","South Africa","Johannesburg Stock Exchange","ZAR"
"034020","DOOSAN ENERBILITY LTD","Industrials","Equity","17,169,896.23","0.25","17,169,896.23","304,437.00","56.40","Korea (South)","Korea Exchange (Stock Market)","KRW"
"PKO","POWSZECHNA KASA OSZCZEDNOSCI BANK","Financials","Equity","17,095,728.23","0.25","17,095,728.23","608,682.00","28.09","Poland","Warsaw Stock Exchange/Equities/Main Market","PLN"
"028260","SAMSUNG C&T CORP","Industrials","Equity","16,018,568.11","0.23","16,018,568.11","56,477.00","283.63","Korea (South)","Korea Exchange (Stock Market)","KRW"
"NBK","NATIONAL BANK OF KUWAIT","Financials","Equity","15,579,229.22","0.23","15,579,229.22","6,004,293.00","2.59","Kuwait","Kuwait Stock Exchange","KWD"
"2885","YUANTA FINANCIAL HOLDING LTD","Financials","Equity","15,570,910.32","0.23","15,570,910.32","7,410,085.00","2.10","Taiwan","Taiwan Stock Exchange","TWD"
"000270","KIA CORPORATION","Consumer Discretionary","Equity","15,562,397.28","0.23","15,562,397.28","156,484.00","99.45","Korea (South)","Korea Exchange (Stock Market)","KRW"
"086790","HANA FINANCIAL GROUP INC","Financials","Equity","15,481,408.01","0.22","15,481,408.01","188,390.00","82.18","Korea (South)","Korea Exchange (Stock Market)","KRW"
"7010","SAUDI TELECOM","Communication","Equity","15,455,234.28","0.22","15,455,234.28","1,340,763.00","11.53","Saudi Arabia","Saudi Stock Exchange","SAR"
"KOTAKBANK","KOTAK MAHINDRA BANK LTD","Financials","Equity","15,371,310.11","0.22","15,371,310.11","3,689,405.00","4.17","India","National Stock Exchange Of India","INR"
"2887","TS FINANCIAL HOLDING LTD","Financials","Equity","15,072,814.76","0.22","15,072,814.76","14,115,040.00","1.07","Taiwan","Taiwan Stock Exchange","TWD"
"FEMSAUBD","FOMENTO ECONOMICO MEXICANO","Consumer Staples","Equity","15,034,285.51","0.22","15,034,285.51","1,170,011.00","12.85","Mexico","Bolsa Mexicana De Valores","MXN"
"EMAAR","EMAAR PROPERTIES","Real Estate","Equity","14,861,240.24","0.22","14,861,240.24","4,503,434.00","3.30","United Arab Emirates","Dubai Financial Market","AED"
"FAB","FIRST ABU DHABI BANK","Financials","Equity","14,558,168.18","0.21","14,558,168.18","3,072,903.00","4.74","United Arab Emirates","Abu Dhabi Securities Exchange","AED"
"QNBK","QATAR NATIONAL BANK","Financials","Equity","14,517,703.93","0.21","14,517,703.93","3,020,512.00","4.81","Qatar","Qatar Exchange","QAR"
"PKN","ORLEN SA","Energy","Equity","14,102,751.69","0.20","14,102,751.69","397,555.00","35.47","Poland","Warsaw Stock Exchange/Equities/Main Market","PLN"
"6223","MPI CORP","Information Technology","Equity","13,846,153.85","0.20","13,846,153.85","60,000.00","230.77","Taiwan","Gretai Securities Market","TWD"
"032830","SAMSUNG LIFE LTD","Financials","Equity","13,716,231.35","0.20","13,716,231.35","54,736.00","250.59","Korea (South)","Korea Exchange (Stock Market)","KRW"
"SBIN","STATE BANK OF INDIA","Financials","Equity","13,714,206.51","0.20","13,714,206.51","1,255,740.00","10.92","India","National Stock Exchange Of India","INR"
"AMXB","AMERICA MOVIL B","Communication","Equity","13,353,861.75","0.19","13,353,861.75","10,353,627.00","1.29","Mexico","Bolsa Mexicana De Valores","MXN"
"VAL","VALTERRA PLATINUM LTD","Materials","Equity","13,302,455.63","0.19","13,302,455.63","180,930.00","73.52","South Africa","Johannesburg Stock Exchange","ZAR"
"SUNPHARMA","SUN PHARMACEUTICAL INDUSTRIES LTD","Health Care","Equity","13,108,680.48","0.19","13,108,680.48","655,348.00","20.00","India","National Stock Exchange Of India","INR"
"012330","HYUNDAI MOBIS LTD","Consumer Discretionary","Equity","13,042,970.43","0.19","13,042,970.43","40,354.00","323.21","Korea (South)","Korea Exchange (Stock Market)","KRW"
"068270","CELLTRION INC","Health Care","Equity","12,939,811.83","0.19","12,939,811.83","107,719.00","120.13","Korea (South)","Korea Exchange (Stock Market)","KRW"
"MARUTI","MARUTI SUZUKI INDIA LTD","Consumer Discretionary","Equity","12,928,834.28","0.19","12,928,834.28","85,701.00","150.86","India","National Stock Exchange Of India","INR"
"CEMEXCPO","CEMEX CPO","Materials","Equity","12,721,787.02","0.18","12,721,787.02","10,374,460.00","1.23","Mexico","Bolsa Mexicana De Valores","MXN"
"006400","SAMSUNG SDI LTD","Information Technology","Equity","12,598,702.89","0.18","12,598,702.89","41,189.00","305.88","Korea (South)","Korea Exchange (Stock Market)","KRW"
"1211","SAUDI ARABIAN MINING","Materials","Equity","12,599,103.13","0.18","12,599,103.13","803,134.00","15.69","Saudi Arabia","Saudi Stock Exchange","SAR"
"EAND","EMIRATES TELECOM","Communication","Equity","12,518,566.22","0.18","12,518,566.22","2,338,635.00","5.35","United Arab Emirates","Abu Dhabi Securities Exchange","AED"
"6669","WIWYNN CORPORATION","Information Technology","Equity","12,438,109.76","0.18","12,438,109.76","75,550.00","164.63","Taiwan","Taiwan Stock Exchange","TWD"
"TCS","TATA CONSULTANCY SERVICES LTD","Information Technology","Equity","12,389,391.37","0.18","12,389,391.37","563,559.00","21.98","India","National Stock Exchange Of India","INR"
"035420","NAVER CORP","Communication","Equity","12,344,085.71","0.18","12,344,085.71","96,357.00","128.11","Korea (South)","Korea Exchange (Stock Market)","KRW"
"7769","HONPRECISION INC","Information Technology","Equity","12,235,928.71","0.18","12,235,928.71","57,000.00","214.67","Taiwan","Taiwan Stock Exchange","TWD"
"PBBANK","PUBLIC BANK","Financials","Equity","12,033,291.82","0.17","12,033,291.82","10,017,900.00","1.20","Malaysia","Bursa Malaysia","MYR"
"2886","MEGA FINANCIAL HOLDING LTD","Financials","Equity","11,690,894.92","0.17","11,690,894.92","8,217,029.00","1.42","Taiwan","Taiwan Stock Exchange","TWD"
"2412","CHUNGHWA TELECOM LTD","Communication","Equity","11,525,140.71","0.17","11,525,140.71","2,614,000.00","4.41","Taiwan","Taiwan Stock Exchange","TWD"
"BBCA","BANK CENTRAL ASIA","Financials","Equity","11,503,965.46","0.17","11,503,965.46","34,131,600.00","0.34","Indonesia","Indonesia Stock Exchange","IDR"
"TITAN","TITAN COMPANY LTD","Consumer Discretionary","Equity","11,405,172.06","0.17","11,405,172.06","243,457.00","46.85","India","National Stock Exchange Of India","INR"
"5274","ASPEED TECHNOLOGY INC","Information Technology","Equity","11,337,242.03","0.16","11,337,242.03","21,000.00","539.87","Taiwan","Gretai Securities Market","TWD"
"HINDUNILVR","HINDUSTAN UNILEVER LTD","Consumer Staples","Equity","11,278,308.28","0.16","11,278,308.28","487,918.00","23.12","India","National Stock Exchange Of India","INR"
"SHFL","SHRIRAM FINANCE LTD","Financials","Equity","11,264,537.87","0.16","11,264,537.87","1,008,550.00","11.17","India","National Stock Exchange Of India","INR"
"034730","SK INC","Industrials","Equity","11,180,221.15","0.16","11,180,221.15","24,765.00","451.45","Korea (South)","Korea Exchange (Stock Market)","KRW"
"NTPC","NTPC LTD","Utilities","Equity","11,143,418.11","0.16","11,143,418.11","2,977,023.00","3.74","India","National Stock Exchange Of India","INR"
"BEL","BHARAT ELECTRONICS LTD","Industrials","Equity","10,991,939.41","0.16","10,991,939.41","2,503,851.00","4.39","India","National Stock Exchange Of India","INR"
"EMIRATESNBD","EMIRATES NBD","Financials","Equity","10,927,761.94","0.16","10,927,761.94","1,309,887.00","8.34","United Arab Emirates","Dubai Financial Market","AED"
"MAYBANK","MALAYAN BANKING","Financials","Equity","10,834,753.13","0.16","10,834,753.13","4,084,100.00","2.65","Malaysia","Bursa Malaysia","MYR"
"3481","INNOLUX CORP","Information Technology","Equity","10,819,837.34","0.16","10,819,837.34","5,242,703.00","2.06","Taiwan","Taiwan Stock Exchange","TWD"
"SCCO","SOUTHERN COPPER CORP","Materials","Equity","10,819,945.03","0.16","10,819,945.03","62,903.00","172.01","Peru","New York Stock Exchange Inc.","USD"
"ETE","NATIONAL BANK OF GREECE SA","Financials","Equity","10,615,109.13","0.15","10,615,109.13","588,450.00","18.04","Greece","Athens Exchange S.A. Cash Market","EUR"
"2890","SINOPAC FINANCIAL HOLDINGS LTD","Financials","Equity","10,418,419.61","0.15","10,418,419.61","8,392,470.00","1.24","Taiwan","Taiwan Stock Exchange","TWD"
"4958","ZHEN DING TECHNOLOGY HOLDING LTD","Information Technology","Equity","10,359,220.79","0.15","10,359,220.79","540,437.00","19.17","Taiwan","Taiwan Stock Exchange","TWD"
"2884","E.SUN FINANCIAL HOLDING LTD","Financials","Equity","10,359,542.28","0.15","10,359,542.28","9,830,806.00","1.05","Taiwan","Taiwan Stock Exchange","TWD"
"CIMB","CIMB GROUP HOLDINGS","Financials","Equity","10,226,863.18","0.15","10,226,863.18","5,478,100.00","1.87","Malaysia","Bursa Malaysia","MYR"
"TATASTEEL","TATA STEEL LTD","Materials","Equity","10,120,890.80","0.15","10,120,890.80","5,077,909.00","1.99","India","National Stock Exchange Of India","INR"
"005490","POSCO","Materials","Equity","10,019,576.03","0.15","10,019,576.03","47,856.00","209.37","Korea (South)","Korea Exchange (Stock Market)","KRW"
"WALMEX*","WALMART DE MEXICO V","Consumer Staples","Equity","9,969,343.48","0.14","9,969,343.48","3,476,816.00","2.87","Mexico","Bolsa Mexicana De Valores","MXN"
"267260","HD HYUNDAI ELECTRIC LTD","Industrials","Equity","9,887,751.90","0.14","9,887,751.90","15,992.00","618.29","Korea (South)","Korea Exchange (Stock Market)","KRW"
"3231","WISTRON CORP","Information Technology","Equity","9,839,305.82","0.14","9,839,305.82","1,979,000.00","4.97","Taiwan","Taiwan Stock Exchange","TWD"
"ICT","INTERNATIONAL CONTAINER TERMINAL S","Industrials","Equity","9,809,956.86","0.14","9,809,956.86","660,050.00","14.86","Philippines","Philippine Stock Exchange Inc.","PHP"
"2357","ASUSTEK COMPUTER INC","Information Technology","Equity","9,677,532.83","0.14","9,677,532.83","458,500.00","21.11","Taiwan","Taiwan Stock Exchange","TWD"
"2883","KGI FINANCIAL HOLDING LTD","Financials","Equity","9,556,508.90","0.14","9,556,508.90","10,742,255.00","0.89","Taiwan","Taiwan Stock Exchange","TWD"
"2059","KING SLIDE WORKS LTD","Information Technology","Equity","9,505,941.21","0.14","9,505,941.21","38,000.00","250.16","Taiwan","Taiwan Stock Exchange","TWD"
"TWD","TWD CASH","Cash and/or Derivatives","Cash","9,335,170.79","0.14","9,335,170.79","298,538,762.00","3.13","Taiwan","-","TWD"
"066570","LG ELECTRONICS INC","Consumer Discretionary","Equity","9,324,434.05","0.13","9,324,434.05","74,615.00","124.97","Korea (South)","Korea Exchange (Stock Market)","KRW"
"3443","GLOBAL UNICHIP CORP","Information Technology","Equity","9,298,311.44","0.13","9,298,311.44","59,000.00","157.60","Taiwan","Taiwan Stock Exchange","TWD"
"6446","PHARMAESSENTIA CORP","Health Care","Equity","9,216,116.79","0.13","9,216,116.79","211,277.00","43.62","Taiwan","Taiwan Stock Exchange","TWD"
"2368","GOLD CIRCUIT ELECTRONICS LTD","Information Technology","Equity","9,140,712.95","0.13","9,140,712.95","224,000.00","40.81","Taiwan","Taiwan Stock Exchange","TWD"
"ADCB","ABU DHABI COMMERCIAL BANK","Financials","Equity","9,134,230.62","0.13","9,134,230.62","2,221,705.00","4.11","United Arab Emirates","Abu Dhabi Securities Exchange","AED"
"2301","LITE ON TECHNOLOGY CORP","Information Technology","Equity","8,936,679.17","0.13","8,936,679.17","1,305,000.00","6.85","Taiwan","Taiwan Stock Exchange","TWD"
"316140","WOORI FINANCIAL GROUP INC","Financials","Equity","8,887,562.81","0.13","8,887,562.81","441,748.00","20.12","Korea (South)","Korea Exchange (Stock Market)","KRW"
"HINDALCO","HINDALCO INDUSTRIES LTD","Materials","Equity","8,875,963.37","0.13","8,875,963.37","886,735.00","10.01","India","National Stock Exchange Of India","INR"
"POWERGRID","POWER GRID CORPORATION OF INDIA LT","Utilities","Equity","8,755,140.89","0.13","8,755,140.89","2,896,405.00","3.02","India","National Stock Exchange Of India","INR"
"ULTRACEMCO","ULTRATECH CEMENT LTD","Materials","Equity","8,734,436.72","0.13","8,734,436.72","70,951.00","123.11","India","National Stock Exchange Of India","INR"
"KGH","KGHM POLSKA MIEDZ SA","Materials","Equity","8,602,714.17","0.12","8,602,714.17","96,222.00","89.40","Poland","Warsaw Stock Exchange/Equities/Main Market","PLN"
"000810","SAMSUNG FIRE & MARINE INSURANCE LT","Financials","Equity","8,581,108.35","0.12","8,581,108.35","20,557.00","417.43","Korea (South)","Korea Exchange (Stock Market)","KRW"
"EUROB","EUROBANK SA","Financials","Equity","8,342,108.82","0.12","8,342,108.82","1,683,709.00","4.95","Greece","Athens Exchange S.A. Cash Market","EUR"
"3008","LARGAN PRECISION LTD","Information Technology","Equity","8,302,995.31","0.12","8,302,995.31","62,773.00","132.27","Taiwan","Taiwan Stock Exchange","TWD"
"TPEIR","PIRAEUS BANK SA","Financials","Equity","8,237,002.31","0.12","8,237,002.31","773,212.00","10.65","Greece","Athens Exchange S.A. Cash Market","EUR"
"2082","ACWA POWER CO","Utilities","Equity","8,188,172.32","0.12","8,188,172.32","158,226.00","51.75","Saudi Arabia","Saudi Stock Exchange","SAR"
"329180","HD HYUNDAI HEAVY INDUSTRIES LTD","Industrials","Equity","8,178,571.05","0.12","8,178,571.05","21,664.00","377.52","Korea (South)","Korea Exchange (Stock Market)","KRW"
"2010","SAUDI BASIC INDUSTRIES","Materials","Equity","8,152,892.32","0.12","8,152,892.32","591,514.00","13.78","Saudi Arabia","Saudi Stock Exchange","SAR"
"2892","FIRST FINANCIAL HOLDING LTD","Financials","Equity","8,057,896.21","0.12","8,057,896.21","7,953,442.00","1.01","Taiwan","Taiwan Stock Exchange","TWD"
"2379","REALTEK SEMICONDUCTOR CORP","Information Technology","Equity","7,978,716.14","0.12","7,978,716.14","325,874.00","24.48","Taiwan","Taiwan Stock Exchange","TWD"
"PEO","BANK PEKAO SA","Financials","Equity","7,972,489.99","0.12","7,972,489.99","128,100.00","62.24","Poland","Warsaw Stock Exchange/Equities/Main Market","PLN"
"1216","UNI-PRESIDENT ENTERPRISES CORP","Consumer Staples","Equity","7,861,429.02","0.11","7,861,429.02","3,295,000.00","2.39","Taiwan","Taiwan Stock Exchange","TWD"
"ABG","ABSA GROUP LTD","Financials","Equity","7,773,490.06","0.11","7,773,490.06","567,371.00","13.70","South Africa","Johannesburg Stock Exchange","ZAR"
"3661","ALCHIP TECHNOLOGIES LTD","Information Technology","Equity","7,706,378.99","0.11","7,706,378.99","53,000.00","145.40","Taiwan","Taiwan Stock Exchange","TWD"
"298040","HYOSUNG HEAVY INDUSTRIES CORP","Industrials","Equity","7,685,687.65","0.11","7,685,687.65","3,535.00","2,174.17","Korea (South)","Korea Exchange (Stock Market)","KRW"
"3665","BIZLINK HOLDING INC","Industrials","Equity","7,673,076.92","0.11","7,673,076.92","123,000.00","62.38","Taiwan","Taiwan Stock Exchange","TWD"
"2449","KING YUAN ELECTRONICS LTD","Information Technology","Equity","7,626,016.26","0.11","7,626,016.26","728,000.00","10.48","Taiwan","Taiwan Stock Exchange","TWD"
"373220","LG ENERGY SOLUTION LTD","Industrials","Equity","7,615,488.42","0.11","7,615,488.42","32,109.00","237.18","Korea (South)","Korea Exchange (Stock Market)","KRW"
"ASIANPAINT","ASIAN PAINTS LTD","Materials","Equity","7,542,559.58","0.11","7,542,559.58","262,349.00","28.75","India","National Stock Exchange Of India","INR"
"ADVANC.R","ADVANCED INFO SERVICE NON-VOTING D","Communication","Equity","7,527,729.57","0.11","7,527,729.57","665,100.00","11.32","Thailand","Stock Exchange Of Thailand","THB"
"010120","LS ELECTRIC LTD","Industrials","Equity","7,498,841.93","0.11","7,498,841.93","49,940.00","150.16","Korea (South)","Korea Exchange (Stock Market)","KRW"
"033780","KT&G CORP","Consumer Staples","Equity","7,439,458.71","0.11","7,439,458.71","64,937.00","114.56","Korea (South)","Korea Exchange (Stock Market)","KRW"
"PTT.R","PTT NON-VOTING DR PCL","Energy","Equity","7,426,131.44","0.11","7,426,131.44","6,649,900.00","1.12","Thailand","Stock Exchange Of Thailand","THB"
"PZU","PZU SA","Financials","Equity","7,379,895.20","0.11","7,379,895.20","405,105.00","18.22","Poland","Warsaw Stock Exchange/Equities/Main Market","PLN"
"ADANIPORTS","ADANI PORTS AND SPECIAL ECONOMIC Z","Industrials","Equity","7,311,736.83","0.11","7,311,736.83","371,507.00","19.68","India","National Stock Exchange Of India","INR"
"010140","SAMSUNG HEAVY INDUSTRIES LTD","Industrials","Equity","7,292,856.91","0.11","7,292,856.91","474,315.00","15.38","Korea (South)","Korea Exchange (Stock Market)","KRW"
"1010","RIYAD BANK","Financials","Equity","7,274,315.47","0.11","7,274,315.47","1,364,243.00","5.33","Saudi Arabia","Saudi Stock Exchange","SAR"
"3034","NOVATEK MICROELECTRONICS CORP","Information Technology","Equity","7,255,766.10","0.11","7,255,766.10","431,300.00","16.82","Taiwan","Taiwan Stock Exchange","TWD"
"HCLTECH","HCL TECHNOLOGIES LTD","Information Technology","Equity","7,254,985.36","0.10","7,254,985.36","606,562.00","11.96","India","National Stock Exchange Of India","INR"
"207940","SAMSUNG BIOLOGICS LTD","Health Care","Equity","7,123,594.61","0.10","7,123,594.61","7,662.00","929.73","Korea (South)","Korea Exchange (Stock Market)","KRW"
"INDIGO","INTERGLOBE AVIATION LTD","Industrials","Equity","7,115,323.79","0.10","7,115,323.79","124,864.00","56.98","India","National Stock Exchange Of India","INR"
"2880","HUA NAN FINANCIAL HOLDINGS LTD","Financials","Equity","7,093,142.27","0.10","7,093,142.27","6,024,932.00","1.18","Taiwan","Taiwan Stock Exchange","TWD"
"EICHERMOT","EICHER MOTORS LTD","Consumer Discretionary","Equity","7,072,402.39","0.10","7,072,402.39","91,762.00","77.07","India","National Stock Exchange Of India","INR"
"6488","GLOBALWAFERS LTD","Information Technology","Equity","6,973,530.33","0.10","6,973,530.33","177,700.00","39.24","Taiwan","Gretai Securities Market","TWD"
"SLM","SANLAM LIMITED LTD","Financials","Equity","6,961,522.72","0.10","6,961,522.72","1,239,362.00","5.62","South Africa","Johannesburg Stock Exchange","ZAR"
"APOLLOHOSP","APOLLO HOSPITALS ENTERPRISE LTD","Health Care","Equity","6,909,524.08","0.10","6,909,524.08","73,984.00","93.39","India","National Stock Exchange Of India","INR"
"SQM.B","SOCIEDAD QUIMICA Y MINERA DE CHILE","Materials","Equity","6,887,367.60","0.10","6,887,367.60","94,809.00","72.64","Chile","Santiago Stock Exchange","CLP"
"009540","HD KOREA SHIPBUILDING & OFFSHORE E","Industrials","Equity","6,844,706.88","0.10","6,844,706.88","29,100.00","235.21","Korea (South)","Korea Exchange (Stock Market)","KRW"
"IMP","IMPALA PLATINUM LTD","Materials","Equity","6,787,477.56","0.10","6,787,477.56","598,244.00","11.35","South Africa","Johannesburg Stock Exchange","ZAR"
"QIBK","QATAR ISLAMIC BANK","Financials","Equity","6,734,389.80","0.10","6,734,389.80","1,137,815.00","5.92","Qatar","Qatar Exchange","QAR"
"HAR","HARMONY GOLD MINING COMPANY LIMITE","Materials","Equity","6,714,136.58","0.10","6,714,136.58","395,746.00","16.97","South Africa","Johannesburg Stock Exchange","ZAR"
"ASELS.E","ASELSAN ELEKTRONIK SANAYI VE TICAR","Industrials","Equity","6,693,177.99","0.10","6,693,177.99","784,128.00","8.54","Turkey","Istanbul Stock Exchange","TRY"
"LTM","LATAM AIRLINES GROUP SA","Industrials","Equity","6,663,866.98","0.10","6,663,866.98","236,898,673.00","0.03","Chile","Santiago Stock Exchange","CLP"
"3653","JENTECH PRECISION INDUSTRIAL LTD","Information Technology","Equity","6,630,394.00","0.10","6,630,394.00","62,000.00","106.94","Taiwan","Taiwan Stock Exchange","TWD"
"TRENT","TRENT LTD","Consumer Discretionary","Equity","6,606,724.73","0.10","6,606,724.73","188,332.00","35.08","India","National Stock Exchange Of India","INR"
"BID","BID CORPORATION LTD","Consumer Staples","Equity","6,567,637.10","0.10","6,567,637.10","246,275.00","26.67","South Africa","Johannesburg Stock Exchange","ZAR"
"1150","ALINMA BANK","Financials","Equity","6,517,609.28","0.09","6,517,609.28","1,011,199.00","6.45","Saudi Arabia","Saudi Stock Exchange","SAR"
"GAPB","GRUPO AEROPORTUARIO DEL PACIFICO","Industrials","Equity","6,508,778.87","0.09","6,508,778.87","260,058.00","25.03","Mexico","Bolsa Mexicana De Valores","MXN"
"042660","HANWHA OCEAN LTD","Industrials","Equity","6,482,473.63","0.09","6,482,473.63","92,683.00","69.94","Korea (South)","Korea Exchange (Stock Market)","KRW"
"064350","HYUNDAI-ROTEM","Industrials","Equity","6,399,497.19","0.09","6,399,497.19","48,783.00","131.18","Korea (South)","Korea Exchange (Stock Market)","KRW"
"BBRI","BANK RAKYAT INDONESIA (PERSERO)","Financials","Equity","6,331,488.50","0.09","6,331,488.50","41,937,350.00","0.15","Indonesia","Indonesia Stock Exchange","IDR"
"CHILE","BANCO DE CHILE","Financials","Equity","6,297,889.88","0.09","6,297,889.88","31,824,550.00","0.20","Chile","Santiago Stock Exchange","CLP"
"TENAGA","TENAGA NASIONAL","Utilities","Equity","6,279,551.95","0.09","6,279,551.95","1,790,200.00","3.51","Malaysia","Bursa Malaysia","MYR"
"TVSMOTOR","TVS MOTOR COMPANY LTD","Consumer Discretionary","Equity","6,275,303.91","0.09","6,275,303.91","164,741.00","38.09","India","National Stock Exchange Of India","INR"
"DSY","DISCOVERY LTD","Financials","Equity","6,275,604.00","0.09","6,275,604.00","384,780.00","16.31","South Africa","Johannesburg Stock Exchange","ZAR"
"ADIB","ABU DHABI ISLAMIC BANK","Financials","Equity","6,274,961.31","0.09","6,274,961.31","1,059,116.00","5.92","United Arab Emirates","Abu Dhabi Securities Exchange","AED"
"ITC","ITC LTD","Consumer Staples","Equity","6,273,744.31","0.09","6,273,744.31","2,060,469.00","3.04","India","National Stock Exchange Of India","INR"
"NESTLEIND","NESTLE INDIA LTD","Consumer Staples","Equity","6,133,451.78","0.09","6,133,451.78","400,105.00","15.33","India","National Stock Exchange Of India","INR"
"051910","LG CHEM LTD","Materials","Equity","6,083,818.37","0.09","6,083,818.37","33,032.00","184.18","Korea (South)","Korea Exchange (Stock Market)","KRW"
"196170","ALTEOGEN INC","Health Care","Equity","6,065,401.07","0.09","6,065,401.07","27,146.00","223.44","Korea (South)","Korea Exchange (Kosdaq)","KRW"
"PFCIBEST","GRUPO CIBEST PREF SA","Financials","Equity","6,013,650.42","0.09","6,013,650.42","300,953.00","19.98","Colombia","Bolsa De Valores De Colombia","COP"
"GRASIM","GRASIM INDUSTRIES LTD","Materials","Equity","6,002,582.35","0.09","6,002,582.35","179,701.00","33.40","India","National Stock Exchange Of India","INR"
"CIPLA","CIPLA LTD","Health Care","Equity","5,974,336.24","0.09","5,974,336.24","390,153.00","15.31","India","National Stock Exchange Of India","INR"
"1060","SAUDI AWWAL BANK","Financials","Equity","5,972,318.78","0.09","5,972,318.78","692,516.00","8.62","Saudi Arabia","Saudi Stock Exchange","SAR"
"SHP","SHOPRITE HOLDINGS LTD","Consumer Staples","Equity","5,955,269.69","0.09","5,955,269.69","330,735.00","18.01","South Africa","Johannesburg Stock Exchange","ZAR"
"PE&OLES*","INDUST PENOLES","Materials","Equity","5,927,695.84","0.09","5,927,695.84","134,275.00","44.15","Mexico","Bolsa Mexicana De Valores","MXN"
"MAXHEALTH","MAX HEALTHCARE INSTITUTE LTD","Health Care","Equity","5,909,504.29","0.09","5,909,504.29","487,903.00","12.11","India","National Stock Exchange Of India","INR"
"CHOLAFIN","CHOLAMANDALAM INVESTMENT AND FINAN","Financials","Equity","5,859,902.28","0.08","5,859,902.28","311,780.00","18.79","India","National Stock Exchange Of India","INR"
"DIVISLAB","DIVIS LABORATORIES LTD","Health Care","Equity","5,832,615.58","0.08","5,832,615.58","82,200.00","70.96","India","National Stock Exchange Of India","INR"
"SBILIFE","SBI LIFE INSURANCE COMPANY LTD","Financials","Equity","5,828,444.98","0.08","5,828,444.98","310,297.00","18.78","India","National Stock Exchange Of India","INR"
"ALDAR","ALDAR PROPERTIES","Real Estate","Equity","5,820,291.53","0.08","5,820,291.53","2,575,479.00","2.26","United Arab Emirates","Abu Dhabi Securities Exchange","AED"
"ALE","ALLEGRO SA","Consumer Discretionary","Equity","5,776,833.37","0.08","5,776,833.37","563,106.00","10.26","Poland","Warsaw Stock Exchange/Equities/Main Market","PLN"
"TMCV","TATA MOTORS LTD","Industrials","Equity","5,775,256.27","0.08","5,775,256.27","1,273,063.00","4.54","India","National Stock Exchange Of India","INR"
"AOT.R","AIRPORTS OF THAILAND NON-VOTING DR","Industrials","Equity","5,690,340.30","0.08","5,690,340.30","2,934,400.00","1.94","Thailand","Stock Exchange Of Thailand","THB"
"5880","TAIWAN COOPERATIVE FINANCIAL HOLDI","Financials","Equity","5,689,785.57","0.08","5,689,785.57","7,366,775.00","0.77","Taiwan","Taiwan Stock Exchange","TWD"
"BMRI","BANK MANDIRI (PERSERO)","Financials","Equity","5,564,763.01","0.08","5,564,763.01","24,909,600.00","0.22","Indonesia","Indonesia Stock Exchange","IDR"
"TECHM","TECH MAHINDRA LTD","Information Technology","Equity","5,483,097.83","0.08","5,483,097.83","370,287.00","14.81","India","National Stock Exchange Of India","INR"
"DRREDDY","DR REDDYS LABORATORIES LTD","Health Care","Equity","5,407,037.14","0.08","5,407,037.14","374,717.00","14.43","India","National Stock Exchange Of India","INR"
"1326","FORMOSA CHEMICALS & FIBRE CORP","Materials","Equity","5,379,612.26","0.08","5,379,612.26","2,530,000.00","2.13","Taiwan","Taiwan Stock Exchange","TWD"
"HAL","HINDUSTAN AERONAUTICS LTD","Industrials","Equity","5,377,048.06","0.08","5,377,048.06","115,614.00","46.51","India","National Stock Exchange Of India","INR"
"BAJAJFINSV","BAJAJ FINSERV LTD","Financials","Equity","5,350,318.68","0.08","5,350,318.68","268,779.00","19.91","India","National Stock Exchange Of India","INR"
"NED","NEDBANK GROUP LTD","Financials","Equity","5,310,719.27","0.08","5,310,719.27","317,071.00","16.75","South Africa","Johannesburg Stock Exchange","ZAR"
"CPALL.R","CP ALL NON-VOTING DR PCL","Consumer Staples","Equity","5,309,436.35","0.08","5,309,436.35","3,590,100.00","1.48","Thailand","Stock Exchange Of Thailand","THB"
"CEZ","CEZ","Utilities","Equity","5,287,389.11","0.08","5,287,389.11","89,468.00","59.10","Czech Republic","Prague Stock Exchange","CZK"
"JSWSTEEL","JSW STEEL LTD","Materials","Equity","5,207,733.63","0.08","5,207,733.63","403,121.00","12.92","India","National Stock Exchange Of India","INR"
"ALPHA","ALPHA BANK SA","Financials","Equity","5,138,510.19","0.07","5,138,510.19","1,102,018.00","4.66","Greece","Athens Exchange S.A. Cash Market","EUR"
"VBL","VARUN BEVERAGES LTD","Consumer Staples","Equity","5,109,565.63","0.07","5,109,565.63","943,333.00","5.42","India","National Stock Exchange Of India","INR"
"CUMMINSIND","CUMMINS INDIA LTD","Industrials","Equity","5,091,630.65","0.07","5,091,630.65","88,511.00","57.53","India","National Stock Exchange Of India","INR"
"2395","ADVANTECH LTD","Information Technology","Equity","5,081,607.22","0.07","5,081,607.22","311,919.00","16.29","Taiwan","Taiwan Stock Exchange","TWD"
"5347","VANGUARD INTERNATIONAL SEMICONDUCT","Information Technology","Equity","5,069,270.40","0.07","5,069,270.40","837,805.00","6.05","Taiwan","Gretai Securities Market","TWD"
"047810","KOREA AEROSPACE INDUSTRIES LTD","Industrials","Equity","5,024,540.30","0.07","5,024,540.30","49,039.00","102.46","Korea (South)","Korea Exchange (Stock Market)","KRW"
"PPC","PUBLIC POWER CORPORATION SA","Utilities","Equity","5,010,238.68","0.07","5,010,238.68","184,752.00","27.12","Greece","Athens Exchange S.A. Cash Market","EUR"
"1301","FORMOSA PLASTICS CORP","Materials","Equity","5,006,060.04","0.07","5,006,060.04","2,578,000.00","1.94","Taiwan","Taiwan Stock Exchange","TWD"
"2020","SABIC AGRI-NUTRIENTS","Materials","Equity","4,990,952.54","0.07","4,990,952.54","151,856.00","32.87","Saudi Arabia","Saudi Stock Exchange","SAR"
"EBP","ERSTE BANK POLSKA SA","Financials","Equity","4,989,833.47","0.07","4,989,833.47","28,458.00","175.34","Poland","Warsaw Stock Exchange/Equities/Main Market","PLN"
"BIMAS.E","BIM BIRLESIK MAGAZALAR A","Consumer Staples","Equity","4,963,572.12","0.07","4,963,572.12","650,725.00","7.63","Turkey","Istanbul Stock Exchange","TRY"
"JIOFIN","JIO FINANCIAL SERVICES LTD","Financials","Equity","4,952,352.64","0.07","4,952,352.64","1,970,337.00","2.51","India","National Stock Exchange Of India","INR"
"TMPV","TATA MOTORS PASSENGER VEHICLES LTD","Consumer Discretionary","Equity","4,922,511.71","0.07","4,922,511.71","1,362,274.00","3.61","India","National Stock Exchange Of India","INR"
"GULF.R","GULF DEVELOPMENT NON-VOTING DR PCL","Utilities","Equity","4,919,753.66","0.07","4,919,753.66","2,566,988.00","1.92","Thailand","Stock Exchange Of Thailand","THB"
"035720","KAKAO CORP","Communication","Equity","4,914,092.84","0.07","4,914,092.84","211,569.00","23.23","Korea (South)","Korea Exchange (Stock Market)","KRW"
"COALINDIA","COAL INDIA LTD","Energy","Equity","4,907,437.26","0.07","4,907,437.26","1,065,245.00","4.61","India","National Stock Exchange Of India","INR"
"ETERNAL","ETERNAL LTD","Consumer Discretionary","Equity","4,800,305.04","0.07","4,800,305.04","1,623,011.00","2.96","India","National Stock Exchange Of India","INR"
"000150","DOOSAN CORP","Industrials","Equity","4,787,292.59","0.07","4,787,292.59","5,106.00","937.58","Korea (South)","Korea Exchange (Stock Market)","KRW"
"PMETAL","PRESS METAL ALUMINIUM HOLDINGS","Materials","Equity","4,783,138.30","0.07","4,783,138.30","2,522,300.00","1.90","Malaysia","Bursa Malaysia","MYR"
"ADANIPOWER","ADANI POWER LTD","Utilities","Equity","4,781,555.07","0.07","4,781,555.07","2,053,003.00","2.33","India","National Stock Exchange Of India","INR"
"BAJAJ-AUTO","BAJAJ AUTO LTD","Consumer Discretionary","Equity","4,752,406.65","0.07","4,752,406.65","46,248.00","102.76","India","National Stock Exchange Of India","INR"
"2002","CHINA STEEL CORP","Materials","Equity","4,735,129.77","0.07","4,735,129.77","7,991,000.00","0.59","Taiwan","Taiwan Stock Exchange","TWD"
"071050","KOREA INVESTMENT HOLDINGS LTD","Financials","Equity","4,623,872.02","0.07","4,623,872.02","29,203.00","158.34","Korea (South)","Korea Exchange (Stock Market)","KRW"
"VAML","VEDANTA ALUMINIUM METAL LTD","Materials","Equity","4,610,779.18","0.07","4,610,779.18","950,786.00","4.85","India","National Stock Exchange Of India","INR"
"PFC","POWER FINANCE CORPORATION LTD","Financials","Equity","4,608,463.66","0.07","4,608,463.66","1,030,654.00","4.47","India","National Stock Exchange Of India","INR"
"MOTHERSON","SAMVARDHANA MOTHERSON INTERNATIONA","Consumer Discretionary","Equity","4,605,395.41","0.07","4,605,395.41","2,997,678.00","1.54","India","National Stock Exchange Of India","INR"
"INDHOTEL","INDIAN HOTELS LTD","Consumer Discretionary","Equity","4,539,496.86","0.07","4,539,496.86","593,309.00","7.65","India","National Stock Exchange Of India","INR"
"079550","LIG DEFENSE&AEROSPACE LTD","Industrials","Equity","4,522,376.34","0.07","4,522,376.34","8,640.00","523.42","Korea (South)","Korea Exchange (Stock Market)","KRW"
"BDMS.R","BANGKOK DUSIT MEDICAL SERVICES NON","Health Care","Equity","4,510,419.98","0.07","4,510,419.98","7,434,900.00","0.61","Thailand","Stock Exchange Of Thailand","THB"
"042700","HANMI SEMICONDUCTOR LTD","Information Technology","Equity","4,507,615.81","0.07","4,507,615.81","29,632.00","152.12","Korea (South)","Korea Exchange (Stock Market)","KRW"
"SSW","SIBANYE STILLWATER LTD","Materials","Equity","4,453,469.75","0.06","4,453,469.75","2,005,917.00","2.22","South Africa","Johannesburg Stock Exchange","ZAR"
"ONGC","OIL AND NATURAL GAS LTD","Energy","Equity","4,452,864.82","0.06","4,452,864.82","1,782,859.00","2.50","India","National Stock Exchange Of India","INR"
"REM","REMGRO LTD","Financials","Equity","4,424,477.34","0.06","4,424,477.34","365,718.00","12.10","South Africa","Johannesburg Stock Exchange","ZAR"
"TATACONSUM","TATA CONSUMER PRODUCTS LTD","Consumer Staples","Equity","4,411,344.65","0.06","4,411,344.65","376,181.00","11.73","India","National Stock Exchange Of India","INR"
"1050","BANQUE SAUDI FRANSI","Financials","Equity","4,411,459.98","0.06","4,411,459.98","866,733.00","5.09","Saudi Arabia","Saudi Stock Exchange","SAR"
"TATAPOWER","TATA POWER LTD","Utilities","Equity","4,395,447.66","0.06","4,395,447.66","1,115,585.00","3.94","India","National Stock Exchange Of India","INR"
"2603","EVERGREEN MARINE CORP (TAIWAN) LTD","Industrials","Equity","4,390,243.90","0.06","4,390,243.90","720,000.00","6.10","Taiwan","Taiwan Stock Exchange","TWD"
"3045","TAIWAN MOBILE LTD","Communication","Equity","4,382,410.88","0.06","4,382,410.88","1,203,000.00","3.64","Taiwan","Taiwan Stock Exchange","TWD"
"DIB","DB ISLAMIC BANK","Financials","Equity","4,375,997.21","0.06","4,375,997.21","2,081,858.00","2.10","United Arab Emirates","Dubai Financial Market","AED"
"LUPIN","LUPIN LTD","Health Care","Equity","4,344,359.14","0.06","4,344,359.14","167,085.00","26.00","India","National Stock Exchange Of India","INR"
"TLKM","TELEKOMUNIKASI INDONESIA","Communication","Equity","4,325,808.13","0.06","4,325,808.13","30,812,800.00","0.14","Indonesia","Indonesia Stock Exchange","IDR"
"7020","ETIHAD ETISALAT","Communication","Equity","4,324,854.64","0.06","4,324,854.64","260,853.00","16.58","Saudi Arabia","Saudi Stock Exchange","SAR"
"FEDERALBNK","FEDERAL BANK LTD","Financials","Equity","4,307,900.17","0.06","4,307,900.17","1,252,995.00","3.44","India","National Stock Exchange Of India","INR"
"VOD","VODACOM GROUP LTD","Communication","Equity","4,280,113.23","0.06","4,280,113.23","454,291.00","9.42","South Africa","Johannesburg Stock Exchange","ZAR"
"DMART","AVENUE SUPERMARTS LTD","Consumer Staples","Equity","4,253,436.70","0.06","4,253,436.70","101,403.00","41.95","India","National Stock Exchange Of India","INR"
"HEROMOTOCO","HERO MOTOCORP LTD","Consumer Discretionary","Equity","4,240,212.61","0.06","4,240,212.61","83,210.00","50.96","India","National Stock Exchange Of India","INR"
"BRITANNIA","BRITANNIA INDUSTRIES LTD","Consumer Staples","Equity","4,208,134.43","0.06","4,208,134.43","74,499.00","56.49","India","National Stock Exchange Of India","INR"
"015760","KOREA ELECTRIC POWER CORP","Utilities","Equity","4,178,294.46","0.06","4,178,294.46","166,957.00","25.03","Korea (South)","Korea Exchange (Stock Market)","KRW"
"278470","APR LTD","Consumer Staples","Equity","4,176,617.70","0.06","4,176,617.70","16,689.00","250.26","Korea (South)","Korea Exchange (Stock Market)","KRW"
"AUBANK","AU SMALL FINANCE BANK LTD","Financials","Equity","4,161,622.91","0.06","4,161,622.91","374,434.00","11.11","India","National Stock Exchange Of India","INR"
"138040","MERITZ FINANCIAL GROUP INC","Financials","Equity","4,148,432.35","0.06","4,148,432.35","56,160.00","73.87","Korea (South)","Korea Exchange (Stock Market)","KRW"
"COMI","COMMERCIAL INTERNATIONAL BANK EGYP","Financials","Equity","4,137,599.80","0.06","4,137,599.80","1,596,860.00","2.59","Egypt","Egyptian Exchange","EGP"
"1590","AIRTAC INTERNATIONAL GROUP","Industrials","Equity","4,132,772.98","0.06","4,132,772.98","91,782.00","45.03","Taiwan","Taiwan Stock Exchange","TWD"
"003550","LG CORP","Industrials","Equity","4,131,248.69","0.06","4,131,248.69","62,455.00","66.15","Korea (South)","Korea Exchange (Stock Market)","KRW"
"017670","SK TELECOM LTD","Communication","Equity","4,095,972.78","0.06","4,095,972.78","72,457.00","56.53","Korea (South)","Korea Exchange (Stock Market)","KRW"
"SUZLON","SUZLON ENERGY LTD","Industrials","Equity","4,084,494.14","0.06","4,084,494.14","6,839,391.00","0.60","India","National Stock Exchange Of India","INR"
"GVT&D","GE VERNOVA T&D INDIA LTD","Industrials","Equity","4,067,346.06","0.06","4,067,346.06","87,998.00","46.22","India","National Stock Exchange Of India","INR"
"CGPOWER","CG POWER AND INDUSTRIAL SOLUTIONS","Industrials","Equity","4,057,061.64","0.06","4,057,061.64","432,854.00","9.37","India","National Stock Exchange Of India","INR"
"5871","CHAILEASE HOLDING LTD","Financials","Equity","4,051,835.76","0.06","4,051,835.76","1,112,255.00","3.64","Taiwan","Taiwan Stock Exchange","TWD"
"POLICYBZR","PB FINTECH LTD","Financials","Equity","4,031,457.74","0.06","4,031,457.74","241,268.00","16.71","India","National Stock Exchange Of India","INR"
"267250","HD HYUNDAI LTD","Energy","Equity","4,015,022.57","0.06","4,015,022.57","29,717.00","135.11","Korea (South)","Korea Exchange (Stock Market)","KRW"
"CIBEST","GRUPO CIBEST SA","Financials","Equity","4,013,129.57","0.06","4,013,129.57","165,585.00","24.24","Colombia","Bolsa De Valores De Colombia","COP"
"086520","ECOPRO LTD","Industrials","Equity","3,992,929.73","0.06","3,992,929.73","69,906.00","57.12","Korea (South)","Korea Exchange (Kosdaq)","KRW"
"AC*","ARCA CONTINENTAL","Consumer Staples","Equity","3,987,507.53","0.06","3,987,507.53","336,888.00","11.84","Mexico","Bolsa Mexicana De Valores","MXN"
"4904","FAR EASTONE TELECOMMUNICATIONS LTD","Communication","Equity","3,969,512.20","0.06","3,969,512.20","1,209,000.00","3.28","Taiwan","Taiwan Stock Exchange","TWD"
"000720","HYUNDAI ENGINEERING & CONSTRUCTION","Industrials","Equity","3,969,038.80","0.06","3,969,038.80","52,613.00","75.44","Korea (South)","Korea Exchange (Stock Market)","KRW"
"HDFCLIFE","HDFC LIFE INSURANCE COMPANY LTD","Financials","Equity","3,966,325.90","0.06","3,966,325.90","665,322.00","5.96","India","National Stock Exchange Of India","INR"
"ASURB","GRUPO AEROPORTUARIO DEL SURESTE B","Industrials","Equity","3,923,784.27","0.06","3,923,784.27","128,945.00","30.43","Mexico","Bolsa Mexicana De Valores","MXN"
"INDUSINDBK","INDUSIND BANK LTD","Financials","Equity","3,907,877.38","0.06","3,907,877.38","381,934.00","10.23","India","National Stock Exchange Of India","INR"
"2376","GIGABYTE TECHNOLOGY LTD","Information Technology","Equity","3,884,599.75","0.06","3,884,599.75","367,000.00","10.58","Taiwan","Taiwan Stock Exchange","TWD"
"2280","ALMARAI","Consumer Staples","Equity","3,858,164.42","0.06","3,858,164.42","307,034.00","12.57","Saudi Arabia","Saudi Stock Exchange","SAR"
"SOL","SASOL LTD","Materials","Equity","3,851,993.38","0.06","3,851,993.38","394,917.00","9.75","South Africa","Johannesburg Stock Exchange","ZAR"
"ADANIENT","ADANI ENTERPRISES LTD","Industrials","Equity","3,842,849.14","0.06","3,842,849.14","113,927.00","33.73","India","National Stock Exchange Of India","INR"
"LPP","LPP SA","Consumer Discretionary","Equity","3,836,736.06","0.06","3,836,736.06","775.00","4,950.63","Poland","Warsaw Stock Exchange/Equities/Main Market","PLN"
"HDFCAMC","HDFC ASSET MANAGEMENT COMPANY LTD","Financials","Equity","3,834,666.26","0.06","3,834,666.26","130,407.00","29.41","India","National Stock Exchange Of India","INR"
"NPH","NORTHAM PLATINUM HLDGS LTD","Materials","Equity","3,824,311.33","0.06","3,824,311.33","250,895.00","15.24","South Africa","Johannesburg Stock Exchange","ZAR"
"3293","INTERNATIONAL GAMES SYSTEM LTD","Communication","Equity","3,813,039.40","0.06","3,813,039.40","153,000.00","24.92","Taiwan","Gretai Securities Market","TWD"
"006800","MIRAE ASSET SECURITIES CO LTD","Financials","Equity","3,788,678.19","0.05","3,788,678.19","135,453.00","27.97","Korea (South)","Korea Exchange (Stock Market)","KRW"
"NRP","NEPI ROCKCASTLE NV","Real Estate","Equity","3,770,963.41","0.05","3,770,963.41","417,437.00","9.03","South Africa","Johannesburg Stock Exchange","ZAR"
"POLYCAB","POLYCAB INDIA LTD","Industrials","Equity","3,768,562.90","0.05","3,768,562.90","37,584.00","100.27","India","National Stock Exchange Of India","INR"
"3529","EMEMORY TECHNOLOGY INC","Information Technology","Equity","3,752,492.50","0.05","3,752,492.50","43,323.00","86.62","Taiwan","Gretai Securities Market","TWD"
"PERSISTENT","PERSISTENT SYSTEMS LTD","Information Technology","Equity","3,742,324.44","0.05","3,742,324.44","76,104.00","49.17","India","National Stock Exchange Of India","INR"
"3533","LOTES LTD","Information Technology","Equity","3,740,619.14","0.05","3,740,619.14","55,000.00","68.01","Taiwan","Taiwan Stock Exchange","TWD"
"2801","CHANG HWA COMMERCIAL BANK LTD","Financials","Equity","3,730,444.39","0.05","3,730,444.39","5,120,155.00","0.73","Taiwan","Taiwan Stock Exchange","TWD"
"PAYTM","ONE COMMUNICATIONS LTD","Financials","Equity","3,693,334.55","0.05","3,693,334.55","287,954.00","12.83","India","National Stock Exchange Of India","INR"
"8069","E INK HOLDINGS INC","Information Technology","Equity","3,683,864.92","0.05","3,683,864.92","554,400.00","6.64","Taiwan","Gretai Securities Market","TWD"
"SCC.R","SIAM CEMENT NON-VOTING DR PCL","Materials","Equity","3,682,921.60","0.05","3,682,921.60","500,100.00","7.36","Thailand","Stock Exchange Of Thailand","THB"
"018260","SAMSUNG SDS LTD","Information Technology","Equity","3,668,799.92","0.05","3,668,799.92","28,697.00","127.85","Korea (South)","Korea Exchange (Stock Market)","KRW"
"ADNOCGAS","ADNOC GAS PLC","Energy","Equity","3,667,027.36","0.05","3,667,027.36","3,915,138.00","0.94","United Arab Emirates","Abu Dhabi Securities Exchange","AED"
"BHARATFORG","BHARAT FORGE LTD","Consumer Discretionary","Equity","3,652,858.93","0.05","3,652,858.93","162,799.00","22.44","India","National Stock Exchange Of India","INR"
"PIDILITIND","PIDILITE INDUSTRIES LTD","Materials","Equity","3,644,787.50","0.05","3,644,787.50","217,199.00","16.78","India","National Stock Exchange Of India","INR"
"2356","INVENTEC CORP","Information Technology","Equity","3,633,658.54","0.05","3,633,658.54","1,719,000.00","2.11","Taiwan","Taiwan Stock Exchange","TWD"
"KOFUBL","COCA-COLA FEMSA CLASS UBL UNITS","Consumer Staples","Equity","3,630,010.40","0.05","3,630,010.40","340,185.00","10.67","Mexico","Bolsa Mexicana De Valores","MXN"
"BSANTANDER","BANCO SANTANDER CHILE","Financials","Equity","3,552,386.31","0.05","3,552,386.31","43,649,148.00","0.08","Chile","Santiago Stock Exchange","CLP"
"INDUSTOWER","INDUS TOWERS LTD","Communication","Equity","3,539,638.80","0.05","3,539,638.80","879,392.00","4.03","India","National Stock Exchange Of India","INR"
"ASHOKLEY","ASHOK LEYLAND LTD","Industrials","Equity","3,533,679.90","0.05","3,533,679.90","2,047,481.00","1.73","India","National Stock Exchange Of India","INR"
"4013","DR SULAIMAN AL HABIB MEDICAL GRP","Health Care","Equity","3,513,381.80","0.05","3,513,381.80","61,613.00","57.02","Saudi Arabia","Saudi Stock Exchange","SAR"
"TORNTPHARM","TORRENT PHARMACEUTICALS LTD","Health Care","Equity","3,493,072.99","0.05","3,493,072.99","69,760.00","50.07","India","National Stock Exchange Of India","INR"
"1080","ARAB NATIONAL BANK","Financials","Equity","3,487,365.90","0.05","3,487,365.90","626,791.00","5.56","Saudi Arabia","Saudi Stock Exchange","SAR"
"FORTIS","FORTIS HEALTHCARE LTD","Health Care","Equity","3,476,219.17","0.05","3,476,219.17","339,659.00","10.23","India","National Stock Exchange Of India","INR"
"5876","SHANGHAI COMMERCIAL LTD","Financials","Equity","3,465,379.55","0.05","3,465,379.55","2,638,639.00","1.31","Taiwan","Taiwan Stock Exchange","TWD"
"BCI","BANCO DE CREDITO E INVERSION","Financials","Equity","3,460,427.50","0.05","3,460,427.50","52,572.00","65.82","Chile","Santiago Stock Exchange","CLP"
"USD","USD CASH","Cash and/or Derivatives","Cash","3,451,838.35","0.05","3,451,838.35","3,451,838.00","100.00","United States","-","USD"
"4938","PEGATRON CORP","Information Technology","Equity","3,446,735.46","0.05","3,446,735.46","1,318,500.00","2.61","Taiwan","Taiwan Stock Exchange","TWD"
"1101","TAIWAN CEMENT LTD","Materials","Equity","3,419,855.82","0.05","3,419,855.82","4,624,397.00","0.74","Taiwan","Taiwan Stock Exchange","TWD"
"RICHTER","GEDEON RICHTER","Health Care","Equity","3,399,060.67","0.05","3,399,060.67","86,095.00","39.48","Hungary","Budapest Stock Exchange","HUF"
"BDO","BDO UNIBANK INC","Financials","Equity","3,395,984.62","0.05","3,395,984.62","1,689,193.00","2.01","Philippines","Philippine Stock Exchange Inc.","PHP"
"BPCL","BHARAT PETROLEUM LTD","Energy","Equity","3,343,410.11","0.05","3,343,410.11","1,033,213.00","3.24","India","National Stock Exchange Of India","INR"
"BVT","BIDVEST GROUP LTD","Industrials","Equity","3,332,060.22","0.05","3,332,060.22","222,279.00","14.99","South Africa","Johannesburg Stock Exchange","ZAR"
"SOLARINDS","SOLAR INDUSTRIES INDIA LTD","Materials","Equity","3,306,672.04","0.05","3,306,672.04","17,008.00","194.42","India","National Stock Exchange Of India","INR"
"DIXON","DIXON TECHNOLOGIES (INDIA) LTD","Consumer Discretionary","Equity","3,303,156.84","0.05","3,303,156.84","25,253.00","130.80","India","National Stock Exchange Of India","INR"
"TUPRS.E","TURKIYE PETROL RAFINERILERI A","Energy","Equity","3,297,933.42","0.05","3,297,933.42","621,887.00","5.30","Turkey","Istanbul Stock Exchange","TRY"
"MARICO","MARICO LTD","Consumer Staples","Equity","3,290,058.88","0.05","3,290,058.88","373,626.00","8.81","India","National Stock Exchange Of India","INR"
"BVN","BUENAVENTURA ADR REPRESENTING","Materials","Equity","3,287,448.08","0.05","3,287,448.08","110,614.00","29.72","Peru","New York Stock Exchange Inc.","USD"
"MBK","MBANK SA","Financials","Equity","3,287,615.69","0.05","3,287,615.69","8,774.00","374.70","Poland","Warsaw Stock Exchange/Equities/Main Market","PLN"
"GODREJCP","GODREJ CONSUMER PRODUCTS LTD","Consumer Staples","Equity","3,272,276.47","0.05","3,272,276.47","289,359.00","11.31","India","National Stock Exchange Of India","INR"
"GAMUDA","GAMUDA","Industrials","Equity","3,261,486.12","0.05","3,261,486.12","3,199,400.00","1.02","Malaysia","Bursa Malaysia","MYR"
"PTTEP.R","PTT EXPLORATION AND PRODUCTION NON","Energy","Equity","3,250,936.39","0.05","3,250,936.39","819,100.00","3.97","Thailand","Stock Exchange Of Thailand","THB"
"005387","HYUNDAI MOTOR S2 PREF","Consumer Discretionary","Equity","3,241,643.55","0.05","3,241,643.55","23,152.00","140.02","Korea (South)","Korea Exchange (Stock Market)","KRW"
"WIPRO","WIPRO LTD","Information Technology","Equity","3,238,688.61","0.05","3,238,688.61","1,751,546.00","1.85","India","National Stock Exchange Of India","INR"
"MOL","MOL HUNGARIAN OIL AND GAS","Energy","Equity","3,208,477.10","0.05","3,208,477.10","253,364.00","12.66","Hungary","Budapest Stock Exchange","HUF"
"RECLTD","REC LTD","Financials","Equity","3,203,446.16","0.05","3,203,446.16","835,427.00","3.83","India","National Stock Exchange Of India","INR"
"FIBRAPL14","PROLOGIS PROPERTY MEXICO REIT","Real Estate","Equity","3,189,090.02","0.05","3,189,090.02","728,145.00","4.38","Mexico","Bolsa Mexicana De Valores","MXN"
"086280","HYUNDAI GLOVIS LTD","Industrials","Equity","3,183,785.00","0.05","3,183,785.00","24,701.00","128.89","Korea (South)","Korea Exchange (Stock Market)","KRW"
"FUNO11","FIBRA UNO ADMINISTRACION REIT","Real Estate","Equity","3,183,615.48","0.05","3,183,615.48","1,865,746.00","1.71","Mexico","Bolsa Mexicana De Valores","MXN"
"IQCD","INDUSTRIES QATAR","Industrials","Equity","3,129,620.65","0.05","3,129,620.65","1,029,354.00","3.04","Qatar","Qatar Exchange","QAR"
"BHEL","BHARAT HEAVY ELECTRICALS LTD","Industrials","Equity","3,098,157.87","0.04","3,098,157.87","769,108.00","4.03","India","National Stock Exchange Of India","INR"
"259960","KRAFTON INC","Communication","Equity","3,089,974.48","0.04","3,089,974.48","20,054.00","154.08","Korea (South)","Korea Exchange (Stock Market)","KRW"
"7203","AL-ELM INFORMATION SECURITY COMPAN","Information Technology","Equity","3,086,447.56","0.04","3,086,447.56","17,092.00","180.58","Saudi Arabia","Saudi Stock Exchange","SAR"
"AKBNK.E","AKBANK A","Financials","Equity","3,058,212.31","0.04","3,058,212.31","1,940,783.00","1.58","Turkey","Istanbul Stock Exchange","TRY"
"005830","DB INSURANCE LTD","Financials","Equity","3,029,166.71","0.04","3,029,166.71","31,538.00","96.05","Korea (South)","Korea Exchange (Stock Market)","KRW"
"1140","BANK ALBILAD","Financials","Equity","3,021,468.55","0.04","3,021,468.55","472,290.00","6.40","Saudi Arabia","Saudi Stock Exchange","SAR"
"POWERINDIA","HITACHI ENERGY INDIA LTD","Industrials","Equity","3,021,288.60","0.04","3,021,288.60","9,269.00","325.96","India","National Stock Exchange Of India","INR"
"DLF","DLF LTD","Real Estate","Equity","3,017,909.20","0.04","3,017,909.20","425,193.00","7.10","India","National Stock Exchange Of India","INR"
"AUROPHARMA","AUROBINDO PHARMA LTD","Health Care","Equity","3,010,621.92","0.04","3,010,621.92","176,917.00","17.02","India","National Stock Exchange Of India","INR"
"PPH","PEPKOR HOLDINGS SHS LTD","Consumer Discretionary","Equity","3,001,014.06","0.04","3,001,014.06","2,159,851.00","1.39","South Africa","Johannesburg Stock Exchange","ZAR"
"KTB.R","KRUNG THAI BANK PUBLIC NON-VOTING","Financials","Equity","2,994,642.72","0.04","2,994,642.72","2,480,500.00","1.21","Thailand","Stock Exchange Of Thailand","THB"
"096770","SK INNOVATION LTD","Energy","Equity","2,983,698.64","0.04","2,983,698.64","48,003.00","62.16","Korea (South)","Korea Exchange (Stock Market)","KRW"
"ASII","ASTRA INTERNATIONAL","Industrials","Equity","2,981,422.90","0.04","2,981,422.90","11,126,100.00","0.27","Indonesia","Indonesia Stock Exchange","IDR"
"UNITDSPR","UNITED SPIRITS LTD","Consumer Staples","Equity","2,973,441.42","0.04","2,973,441.42","203,225.00","14.63","India","National Stock Exchange Of India","INR"
"PHOENIXLTD","PHOENIX MILLS LTD","Real Estate","Equity","2,940,080.74","0.04","2,940,080.74","136,734.00","21.50","India","National Stock Exchange Of India","INR"
"CDR","CD PROJEKT SA","Communication","Equity","2,913,793.76","0.04","2,913,793.76","46,778.00","62.29","Poland","Warsaw Stock Exchange/Equities/Main Market","PLN"
"IOC","INDIAN OIL CORP LTD","Energy","Equity","2,906,312.16","0.04","2,906,312.16","1,955,078.00","1.49","India","National Stock Exchange Of India","INR"
"GCARSOA1","GRUPO CARSO SERIES A1","Industrials","Equity","2,872,299.36","0.04","2,872,299.36","395,774.00","7.26","Mexico","Bolsa Mexicana De Valores","MXN"
"OMAB","GRUPO AEROPORTUARIO DEL CENTRO NOR","Industrials","Equity","2,861,914.40","0.04","2,861,914.40","204,041.00","14.03","Mexico","Bolsa Mexicana De Valores","MXN"
"2207","HOTAI MOTOR LTD","Consumer Discretionary","Equity","2,860,570.29","0.04","2,860,570.29","193,406.00","14.79","Taiwan","Taiwan Stock Exchange","TWD"
"FALABELLA","FALABELLA SACI SA","Consumer Discretionary","Equity","2,838,205.59","0.04","2,838,205.59","448,172.00","6.33","Chile","Santiago Stock Exchange","CLP"
"AMBANK","AMMB HOLDINGS","Financials","Equity","2,830,443.63","0.04","2,830,443.63","1,778,200.00","1.59","Malaysia","Bursa Malaysia","MYR"
"SRF","SRF LTD","Materials","Equity","2,820,896.29","0.04","2,820,896.29","96,127.00","29.35","India","National Stock Exchange Of India","INR"
"CBQK","COMMERCIAL BANK OF QATAR","Financials","Equity","2,818,816.41","0.04","2,818,816.41","2,527,909.00","1.12","Qatar","Qatar Exchange","QAR"
"ADNOCDRILL","ADNOC DRILLING COMPANY","Energy","Equity","2,806,067.69","0.04","2,806,067.69","1,814,434.00","1.55","United Arab Emirates","Abu Dhabi Securities Exchange","AED"
"247540","ECOPRO BM LTD","Industrials","Equity","2,787,198.12","0.04","2,787,198.12","34,244.00","81.39","Korea (South)","Korea Exchange (Kosdaq)","KRW"
"GAIL","GAIL INDIA LTD","Utilities","Equity","2,784,326.17","0.04","2,784,326.17","1,522,506.00","1.83","India","National Stock Exchange Of India","INR"
"2912","PRESIDENT CHAIN STORE CORP","Consumer Staples","Equity","2,783,123.83","0.04","2,783,123.83","385,300.00","7.22","Taiwan","Taiwan Stock Exchange","TWD"
"OUT","OUTSURANCE GROUP LTD","Financials","Equity","2,783,305.57","0.04","2,783,305.57","565,201.00","4.92","South Africa","Johannesburg Stock Exchange","ZAR"
"HINDPETRO","HINDUSTAN PETROLEUM CORP LTD","Energy","Equity","2,780,727.88","0.04","2,780,727.88","663,248.00","4.19","India","National Stock Exchange Of India","INR"
"2834","TAIWAN BUSINESS BANK LTD","Financials","Equity","2,772,901.18","0.04","2,772,901.18","4,940,244.00","0.56","Taiwan","Taiwan Stock Exchange","TWD"
"DEWA","DUBAI ELECTRICITY AND WATER AUTHOR","Utilities","Equity","2,767,189.08","0.04","2,767,189.08","3,669,023.00","0.75","United Arab Emirates","Dubai Financial Market","AED"
"KRW","KRW CASH","Cash and/or Derivatives","Cash","2,765,839.88","0.04","2,765,839.88","4,227,309,674.00","0.07","Korea (South)","-","KRW"
"VEDL","VEDANTA LTD","Materials","Equity","2,759,178.40","0.04","2,759,178.40","937,053.00","2.94","India","National Stock Exchange Of India","INR"
"BIMBOA","GRUPO BIMBO A","Consumer Staples","Equity","2,756,692.36","0.04","2,756,692.36","856,000.00","3.22","Mexico","Bolsa Mexicana De Valores","MXN"
"NAUKRI","INFO EDGE INDIA LTD","Communication","Equity","2,757,328.26","0.04","2,757,328.26","253,780.00","10.87","India","National Stock Exchange Of India","INR"
"JINDALSTEL","JINDAL STEEL LTD","Materials","Equity","2,752,458.84","0.04","2,752,458.84","248,681.00","11.07","India","National Stock Exchange Of India","INR"
"RNI","REINET INVESTMENTS S.C.A.","Financials","Equity","2,738,897.60","0.04","2,738,897.60","101,153.00","27.08","South Africa","Johannesburg Stock Exchange","ZAR"
"TRUE.R","TRUE CORPORATION NON-VOTING DR PCL","Communication","Equity","2,708,624.06","0.04","2,708,624.06","6,798,749.00","0.40","Thailand","Stock Exchange Of Thailand","THB"
"028300","HLB LTD","Health Care","Equity","2,687,467.87","0.04","2,687,467.87","84,954.00","31.63","Korea (South)","Korea Exchange (Kosdaq)","KRW"
"ICICIGI","ICICI LOMBARD GENERAL INSURANCE CO","Financials","Equity","2,684,606.83","0.04","2,684,606.83","144,206.00","18.62","India","National Stock Exchange Of India","INR"
"8210","BUPA ARABIA","Financials","Equity","2,676,101.88","0.04","2,676,101.88","59,489.00","44.98","Saudi Arabia","Saudi Stock Exchange","SAR"
"MUTHOOTFIN","MUTHOOT FINANCE LTD","Financials","Equity","2,669,282.13","0.04","2,669,282.13","83,207.00","32.08","India","National Stock Exchange Of India","INR"
"IDEA","VODAFONE IDEA LTD","Communication","Equity","2,665,129.42","0.04","2,665,129.42","17,810,078.00","0.15","India","National Stock Exchange Of India","INR"
"CPN.R","CENTRAL PATTANA NON-VOTING DR PCL","Real Estate","Equity","2,659,963.03","0.04","2,659,963.03","1,291,300.00","2.06","Thailand","Stock Exchange Of Thailand","THB"
"ABB","ABB INDIA LTD","Industrials","Equity","2,660,572.06","0.04","2,660,572.06","36,452.00","72.99","India","National Stock Exchange Of India","INR"
"ZAIN","MOBILE TEL","Communication","Equity","2,647,855.12","0.04","2,647,855.12","1,362,350.00","1.94","Kuwait","Kuwait Stock Exchange","KWD"
"KBANK.R","KASIKORNBANK PUBLIC NON-VOTING DR","Financials","Equity","2,645,577.61","0.04","2,645,577.61","376,200.00","7.03","Thailand","Stock Exchange Of Thailand","THB"
"2618","EVA AIRWAYS CORP","Industrials","Equity","2,621,676.05","0.04","2,621,676.05","1,912,000.00","1.37","Taiwan","Taiwan Stock Exchange","TWD"
"YESBANK","YES BANK LTD","Financials","Equity","2,560,503.45","0.04","2,560,503.45","9,997,144.00","0.26","India","National Stock Exchange Of India","INR"
"1519","FORTUNE ELECTRIC LTD","Industrials","Equity","2,540,893.06","0.04","2,540,893.06","105,120.00","24.17","Taiwan","Taiwan Stock Exchange","TWD"
"ABCAPITAL","ADITYA BIRLA CAPITAL LTD","Financials","Equity","2,537,750.61","0.04","2,537,750.61","602,277.00","4.21","India","National Stock Exchange Of India","INR"
"003670","POSCO FUTURE M LTD","Industrials","Equity","2,537,532.19","0.04","2,537,532.19","23,911.00","106.12","Korea (South)","Korea Exchange (Stock Market)","KRW"
"THYAO.E","TURK HAVA YOLLARI AO A","Industrials","Equity","2,520,873.88","0.04","2,520,873.88","353,245.00","7.14","Turkey","Istanbul Stock Exchange","TRY"
"BAJAJHLDNG","BAJAJ HOLDINGS AND INVESTMENT LTD","Financials","Equity","2,515,672.65","0.04","2,515,672.65","21,623.00","116.34","India","National Stock Exchange Of India","INR"
"DNP","DINO POLSKA SA","Consumer Staples","Equity","2,510,919.62","0.04","2,510,919.62","339,654.00","7.39","Poland","Warsaw Stock Exchange/Equities/Main Market","PLN"
"HLBANK","HONG LEONG BANK","Financials","Equity","2,499,839.84","0.04","2,499,839.84","466,400.00","5.36","Malaysia","Bursa Malaysia","MYR"
"NYKAA","FSN E-COMMERCE VENTURES LTD","Consumer Discretionary","Equity","2,496,649.48","0.04","2,496,649.48","766,193.00","3.26","India","National Stock Exchange Of India","INR"
"5110","SAUDI ENERGY","Utilities","Equity","2,479,217.61","0.04","2,479,217.61","518,289.00","4.78","Saudi Arabia","Saudi Stock Exchange","SAR"
"SWIGGY","SWIGGY LTD","Consumer Discretionary","Equity","2,476,599.33","0.04","2,476,599.33","949,935.00","2.61","India","National Stock Exchange Of India","INR"
"SUNDARMFIN","SUNDARAM FINANCE LTD","Financials","Equity","2,456,693.47","0.04","2,456,693.47","51,131.00","48.05","India","National Stock Exchange Of India","INR"
"GFINBURO","GRUPO FINANCIERO INBURSA SRIES O","Financials","Equity","2,452,663.70","0.04","2,452,663.70","1,036,077.00","2.37","Mexico","Bolsa Mexicana De Valores","MXN"
"QIIK","QATAR INTERNATIONAL ISLAMIC BANK","Financials","Equity","2,434,165.12","0.04","2,434,165.12","791,321.00","3.08","Qatar","Qatar Exchange","QAR"
"272210","HANWHA SYSTEMS LTD","Industrials","Equity","2,427,569.03","0.04","2,427,569.03","49,143.00","49.40","Korea (South)","Korea Exchange (Stock Market)","KRW"
"ISA","INTERCONEXION ELECTRICA SA","Utilities","Equity","2,401,939.36","0.03","2,401,939.36","266,545.00","9.01","Colombia","Bolsa De Valores De Colombia","COP"
"BOSCHLTD","BOSCH LTD","Consumer Discretionary","Equity","2,395,068.44","0.03","2,395,068.44","5,444.00","439.95","India","National Stock Exchange Of India","INR"
"KIMBERA","KIMBERLY-CLARK DE MEXICO CLASS A","Consumer Staples","Equity","2,384,990.91","0.03","2,384,990.91","1,079,230.00","2.21","Mexico","Bolsa Mexicana De Valores","MXN"
"CLS","CLICKS GROUP LTD","Consumer Staples","Equity","2,382,767.34","0.03","2,382,767.34","162,005.00","14.71","South Africa","Johannesburg Stock Exchange","ZAR"
"ADNOCDIST","ABU DHABI NATIONAL OIL COMPANY FOR","Consumer Discretionary","Equity","2,376,669.10","0.03","2,376,669.10","2,209,851.00","1.08","United Arab Emirates","Abu Dhabi Securities Exchange","AED"
"PETGAS","PETRONAS GAS","Utilities","Equity","2,376,750.18","0.03","2,376,750.18","552,900.00","4.30","Malaysia","Bursa Malaysia","MYR"
"IHH","IHH HEALTHCARE","Health Care","Equity","2,371,127.49","0.03","2,371,127.49","1,184,400.00","2.00","Malaysia","Bursa Malaysia","MYR"
"BAAKOMB","KOMERCNI BANK","Financials","Equity","2,365,859.61","0.03","2,365,859.61","50,455.00","46.89","Czech Republic","Prague Stock Exchange","CZK"
"SCB.R","SCB X PUBLIC COMPANY LIMITED NON-V","Financials","Equity","2,350,276.92","0.03","2,350,276.92","507,300.00","4.63","Thailand","Stock Exchange Of Thailand","THB"
"AIRARABIA","AIR ARABIA","Industrials","Equity","2,343,095.15","0.03","2,343,095.15","1,558,986.00","1.50","United Arab Emirates","Dubai Financial Market","AED"
"003490","KOREAN AIR LINES LTD","Industrials","Equity","2,323,214.01","0.03","2,323,214.01","123,078.00","18.88","Korea (South)","Korea Exchange (Stock Market)","KRW"
"APLAPOLLO","APL APOLLO TUBES LTD","Materials","Equity","2,318,828.20","0.03","2,318,828.20","123,499.00","18.78","India","National Stock Exchange Of India","INR"
"024110","INDUSTRIAL BANK OF KOREA","Financials","Equity","2,290,683.72","0.03","2,290,683.72","164,370.00","13.94","Korea (South)","Korea Exchange (Stock Market)","KRW"
"GODREJPROP","GODREJ PROPERTIES LTD","Real Estate","Equity","2,286,433.82","0.03","2,286,433.82","109,062.00","20.96","India","National Stock Exchange Of India","INR"
"LODHA","LODHA DEVELOPERS LTD","Real Estate","Equity","2,259,639.62","0.03","2,259,639.62","203,576.00","11.10","India","National Stock Exchange Of India","INR"
"TIINDIA","TUBE INVESTMENTS OF INDIA LTD","Consumer Discretionary","Equity","2,254,705.01","0.03","2,254,705.01","72,152.00","31.25","India","National Stock Exchange Of India","INR"
"MALLPLAZA","PLAZA SA","Real Estate","Equity","2,250,036.00","0.03","2,250,036.00","529,350.00","4.25","Chile","Santiago Stock Exchange","CLP"
"005385","HYUNDAI MOTOR S1 PREF","Consumer Discretionary","Equity","2,245,991.89","0.03","2,245,991.89","16,041.00","140.02","Korea (South)","Korea Exchange (Stock Market)","KRW"
"EMAARDEV","EMAAR DEVELOPMENT","Real Estate","Equity","2,241,531.06","0.03","2,241,531.06","577,320.00","3.88","United Arab Emirates","Dubai Financial Market","AED"
"GMRAIRPORT","GMR AIRPORTS LTD","Industrials","Equity","2,240,481.45","0.03","2,240,481.45","1,891,449.00","1.18","India","National Stock Exchange Of India","INR"
"PRESTIGE","PRESTIGE ESTATES PROJECTS LTD","Real Estate","Equity","2,232,670.39","0.03","2,232,670.39","127,465.00","17.52","India","National Stock Exchange Of India","INR"
"BH.R","BUMRUNGRAD HOSPITAL NON-VOTING DR","Health Care","Equity","2,219,944.16","0.03","2,219,944.16","381,100.00","5.83","Thailand","Stock Exchange Of Thailand","THB"
"RHBBANK","RHB BANK","Financials","Equity","2,206,282.24","0.03","2,206,282.24","1,088,700.00","2.03","Malaysia","Bursa Malaysia","MYR"
"BOUBYAN","BOUBYAN BANK","Financials","Equity","2,203,312.17","0.03","2,203,312.17","1,091,977.00","2.02","Kuwait","Kuwait Stock Exchange","KWD"
"YTLPOWR","YTL POWER INTERNATIONAL","Utilities","Equity","2,182,554.61","0.03","2,182,554.61","2,014,780.00","1.08","Malaysia","Bursa Malaysia","MYR"
"8010","THE COOPERATIVE INSURANCE","Financials","Equity","2,173,965.67","0.03","2,173,965.67","56,487.00","38.49","Saudi Arabia","Saudi Stock Exchange","SAR"
"ENRIN","SIEMENS ENERGY INDIA LTD","Industrials","Equity","2,169,299.71","0.03","2,169,299.71","62,952.00","34.46","India","National Stock Exchange Of India","INR"
"QGTS","QATAR GAS TRANSPORT COMPANY LTD","Energy","Equity","2,163,518.84","0.03","2,163,518.84","1,831,947.00","1.18","Qatar","Qatar Exchange","QAR"
"GEKTERNA","GEK TERNA SA","Industrials","Equity","2,161,289.75","0.03","2,161,289.75","40,866.00","52.89","Greece","Athens Exchange S.A. Cash Market","EUR"
"010950","S-OIL CORP","Energy","Equity","2,142,569.48","0.03","2,142,569.48","29,716.00","72.10","Korea (South)","Korea Exchange (Stock Market)","KRW"
"BELA","JUMBO SA","Consumer Discretionary","Equity","2,140,132.65","0.03","2,140,132.65","80,410.00","26.62","Greece","Athens Exchange S.A. Cash Market","EUR"
"HTO","HELLENIC TELECOMMUNICATIONS ORGANI","Communication","Equity","2,130,053.99","0.03","2,130,053.99","95,463.00","22.31","Greece","Athens Exchange S.A. Cash Market","EUR"
"KCHOL.E","KOC HOLDING A","Industrials","Equity","2,121,584.41","0.03","2,121,584.41","523,713.00","4.05","Turkey","Istanbul Stock Exchange","TRY"
"AMBUJACEM","AMBUJA CEMENTS LTD","Materials","Equity","2,114,463.10","0.03","2,114,463.10","454,116.00","4.66","India","National Stock Exchange Of India","INR"
"ORDS","OOREDOO","Communication","Equity","2,113,667.67","0.03","2,113,667.67","583,020.00","3.63","Qatar","Qatar Exchange","QAR"
"ADNOCLS","ADNOC LOGISTICS & SERVICES PLC","Energy","Equity","2,088,279.09","0.03","2,088,279.09","1,295,562.00","1.61","United Arab Emirates","Abu Dhabi Securities Exchange","AED"
"INR","INR CASH","Cash and/or Derivatives","Cash","2,087,355.52","0.03","2,087,355.52","198,773,648.00","1.05","India","-","INR"
"NATIONALUM","NATIONAL ALUMINIUM CO LTD","Materials","Equity","2,085,147.37","0.03","2,085,147.37","571,241.00","3.65","India","National Stock Exchange Of India","INR"
"161390","HANKOOK TIRE & TECHNOLOGY LTD","Consumer Discretionary","Equity","2,076,154.80","0.03","2,076,154.80","47,150.00","44.03","Korea (South)","Korea Exchange (Stock Market)","KRW"
"SDG","SD GUTHRIE","Consumer Staples","Equity","2,071,938.10","0.03","2,071,938.10","1,396,500.00","1.48","Malaysia","Bursa Malaysia","MYR"
"352820","HYBE LTD","Communication","Equity","2,058,852.39","0.03","2,058,852.39","15,350.00","134.13","Korea (South)","Korea Exchange (Stock Market)","KRW"
"IDFCFIRSTB","IDFC FIRST BANK LTD","Financials","Equity","2,059,449.01","0.03","2,059,449.01","2,437,437.00","0.84","India","National Stock Exchange Of India","INR"
"SWB","SUNWAY BHD","Industrials","Equity","2,052,769.34","0.03","2,052,769.34","1,658,100.00","1.24","Malaysia","Bursa Malaysia","MYR"
"LTF","L&T FINANCE LTD","Financials","Equity","2,050,937.54","0.03","2,050,937.54","597,265.00","3.43","India","National Stock Exchange Of India","INR"
"SIGMAFA","ALFA A","Consumer Staples","Equity","2,049,471.64","0.03","2,049,471.64","2,216,359.00","0.92","Mexico","Bolsa Mexicana De Valores","MXN"
"MRF","MRF LTD","Consumer Discretionary","Equity","2,048,936.44","0.03","2,048,936.44","1,449.00","1,414.03","India","National Stock Exchange Of India","INR"
"VOLTAS","VOLTAS LTD","Industrials","Equity","2,042,525.81","0.03","2,042,525.81","151,933.00","13.44","India","National Stock Exchange Of India","INR"
"ALWN","ALLWYN AG","Consumer Discretionary","Equity","2,037,321.51","0.03","2,037,321.51","125,166.00","16.28","Greece","Athens Exchange S.A. Cash Market","EUR"
"SIEMENS","SIEMENS LTD","Industrials","Equity","2,024,689.81","0.03","2,024,689.81","54,522.00","37.14","India","National Stock Exchange Of India","INR"
"EREGL.E","EREGLI DEMIR VE CELIK FABRIKALARI","Materials","Equity","2,024,195.03","0.03","2,024,195.03","2,362,541.00","0.86","Turkey","Istanbul Stock Exchange","TRY"
"011200","HMM LTD","Industrials","Equity","2,019,372.11","0.03","2,019,372.11","161,002.00","12.54","Korea (South)","Korea Exchange (Stock Market)","KRW"
"UPL","UPL LTD","Materials","Equity","2,017,152.90","0.03","2,017,152.90","316,247.00","6.38","India","National Stock Exchange Of India","INR"
"MARK","MASRAF AL RAYAN","Financials","Equity","2,013,382.32","0.03","2,013,382.32","3,598,785.00","0.56","Qatar","Qatar Exchange","QAR"
"003230","SAM YANG FOODS INC","Consumer Staples","Equity","2,012,797.04","0.03","2,012,797.04","2,769.00","726.90","Korea (South)","Korea Exchange (Stock Market)","KRW"
"4190","JARIR MARKETING","Consumer Discretionary","Equity","2,012,351.53","0.03","2,012,351.53","431,994.00","4.66","Saudi Arabia","Saudi Stock Exchange","SAR"
"TCELL.E","TURKCELL ILETISIM HIZMETLERI A","Communication","Equity","2,010,360.60","0.03","2,010,360.60","877,709.00","2.29","Turkey","Istanbul Stock Exchange","TRY"
"2609","YANG MING MARINE TRANSPORT CORP","Industrials","Equity","2,008,830.52","0.03","2,008,830.52","1,226,000.00","1.64","Taiwan","Taiwan Stock Exchange","TWD"
"PLN","PLN CASH","Cash and/or Derivatives","Cash","2,003,088.15","0.03","2,003,088.15","7,505,571.00","26.69","Poland","-","PLN"
"NMDC","NMDC LTD","Materials","Equity","1,988,438.26","0.03","1,988,438.26","2,217,260.00","0.90","India","National Stock Exchange Of India","INR"
"SMPH","SM PRIME HOLDINGS INC","Real Estate","Equity","1,953,791.01","0.03","1,953,791.01","6,501,700.00","0.30","Philippines","Philippine Stock Exchange Inc.","PHP"
"BPI","BANK OF THE PHILIPPINE ISLANDS","Financials","Equity","1,951,904.33","0.03","1,951,904.33","1,187,183.00","1.64","Philippines","Philippine Stock Exchange Inc.","PHP"
"BANKBARODA","BANK OF BARODA LTD","Financials","Equity","1,941,514.27","0.03","1,941,514.27","733,091.00","2.65","India","National Stock Exchange Of India","INR"
"YKBNK.E","YAPI VE KREDI BANKASI A","Financials","Equity","1,940,388.60","0.03","1,940,388.60","2,388,625.00","0.81","Turkey","Istanbul Stock Exchange","TRY"
"005940","NH INVESTMENT & SECURITIES LTD","Financials","Equity","1,937,476.97","0.03","1,937,476.97","94,307.00","20.54","Korea (South)","Korea Exchange (Stock Market)","KRW"
"BBNI","BANK NEGARA INDONESIA","Financials","Equity","1,922,442.90","0.03","1,922,442.90","10,617,800.00","0.18","Indonesia","Indonesia Stock Exchange","IDR"
"HAVELLS","HAVELLS INDIA LTD","Industrials","Equity","1,920,630.89","0.03","1,920,630.89","154,853.00","12.40","India","National Stock Exchange Of India","INR"
"PAGEIND","PAGE INDUSTRIES LTD","Consumer Discretionary","Equity","1,915,106.46","0.03","1,915,106.46","4,261.00","449.45","India","National Stock Exchange Of India","INR"
"OBEROIRLTY","OBEROI REALTY LTD","Real Estate","Equity","1,896,322.42","0.03","1,896,322.42","93,353.00","20.31","India","National Stock Exchange Of India","INR"
"MANKIND","MANKIND PHARMA LTD","Health Care","Equity","1,894,256.04","0.03","1,894,256.04","71,338.00","26.55","India","National Stock Exchange Of India","INR"
"OFSS","ORACLE FINANCIAL SERVICES SOFTWARE","Information Technology","Equity","1,892,709.06","0.03","1,892,709.06","16,024.00","118.12","India","National Stock Exchange Of India","INR"
"MPHASIS","MPHASIS LTD","Information Technology","Equity","1,890,482.06","0.03","1,890,482.06","78,388.00","24.12","India","National Stock Exchange Of India","INR"
"PNB","PUNJAB NATIONAL BANK","Financials","Equity","1,885,373.09","0.03","1,885,373.09","1,704,218.00","1.11","India","National Stock Exchange Of India","INR"
"COLPAL","COLGATE PALMOLIVE INDIA LTD","Consumer Staples","Equity","1,873,151.98","0.03","1,873,151.98","87,140.00","21.50","India","National Stock Exchange Of India","INR"
"TORNTPOWER","TORRENT POWER LTD","Utilities","Equity","1,865,580.48","0.03","1,865,580.48","130,007.00","14.35","India","National Stock Exchange Of India","INR"
"MIL","BANK MILLENNIUM SA","Financials","Equity","1,861,827.34","0.03","1,861,827.34","351,715.00","5.29","Poland","Warsaw Stock Exchange/Equities/Main Market","PLN"
"MISC","MISC","Industrials","Equity","1,841,267.50","0.03","1,841,267.50","967,200.00","1.90","Malaysia","Bursa Malaysia","MYR"
"4300","DAR AL ARKAN REAL ESTATE DEVELOPME","Real Estate","Equity","1,836,297.21","0.03","1,836,297.21","380,915.00","4.82","Saudi Arabia","Saudi Stock Exchange","SAR"
"MINT.R","MINOR INTERNATIONAL PUBLIC NON-VOT","Consumer Discretionary","Equity","1,835,474.84","0.03","1,835,474.84","2,462,100.00","0.75","Thailand","Stock Exchange Of Thailand","THB"
"PCHEM","PETRONAS CHEMICALS GROUP","Materials","Equity","1,826,787.52","0.03","1,826,787.52","1,705,700.00","1.07","Malaysia","Bursa Malaysia","MYR"
"6919","CALIWAY BIOPHARMACEUTICALS LTD","Health Care","Equity","1,826,898.06","0.03","1,826,898.06","586,000.00","3.12","Taiwan","Taiwan Stock Exchange","TWD"
"COPEC","EMPRESAS COPEC SA","Consumer Discretionary","Equity","1,820,499.61","0.03","1,820,499.61","288,894.00","6.30","Chile","Santiago Stock Exchange","CLP"
"PINFRA*","PROMOTORA Y OPERADORA DE INFRAESTR","Industrials","Equity","1,821,012.72","0.03","1,821,012.72","112,293.00","16.22","Mexico","Bolsa Mexicana De Valores","MXN"
"1030","SAUDI INVESTMENT BANK","Financials","Equity","1,817,669.70","0.03","1,817,669.70","512,744.00","3.54","Saudi Arabia","Saudi Stock Exchange","SAR"
"CDB","CELCOMDIGI","Communication","Equity","1,816,632.28","0.03","1,816,632.28","2,559,000.00","0.71","Malaysia","Bursa Malaysia","MYR"
"GBK","GULF BANK","Financials","Equity","1,815,229.14","0.03","1,815,229.14","1,586,408.00","1.14","Kuwait","Kuwait Stock Exchange","KWD"
"GOTO","GOTO GOJEK TOKOPEDIA","Consumer Discretionary","Equity","1,810,274.09","0.03","1,810,274.09","649,888,400.00","0.00","Indonesia","Indonesia Stock Exchange","IDR"
"ALKEM","ALKEM LABORATORIES LTD","Health Care","Equity","1,803,376.78","0.03","1,803,376.78","30,873.00","58.41","India","National Stock Exchange Of India","INR"
"WAAREEENER","WAAREE ENERGIES LTD","Information Technology","Equity","1,799,604.85","0.03","1,799,604.85","59,937.00","30.02","India","National Stock Exchange Of India","INR"
"KLK","KUALA LUMPUR KEPONG","Consumer Staples","Equity","1,789,943.50","0.03","1,789,943.50","335,800.00","5.33","Malaysia","Bursa Malaysia","MYR"
"CENCOSUD","CENCOSUD SA","Consumer Staples","Equity","1,789,003.83","0.03","1,789,003.83","789,353.00","2.27","Chile","Santiago Stock Exchange","CLP"
"ACP","ASSECO POLAND SA","Information Technology","Equity","1,760,832.17","0.03","1,760,832.17","36,767.00","47.89","Poland","Warsaw Stock Exchange/Equities/Main Market","PLN"
"SALIK","SALIK COMPANY P.J.S.C","Industrials","Equity","1,746,765.14","0.03","1,746,765.14","1,080,039.00","1.62","United Arab Emirates","Dubai Financial Market","AED"
"DABUR","DABUR INDIA LTD","Consumer Staples","Equity","1,743,691.41","0.03","1,743,691.41","373,686.00","4.67","India","National Stock Exchange Of India","INR"
"JSWENERGY","JSW ENERGY LTD","Utilities","Equity","1,735,321.93","0.03","1,735,321.93","300,346.00","5.78","India","National Stock Exchange Of India","INR"
"VMM","VISHAL MEGA MART LTD","Consumer Discretionary","Equity","1,733,745.39","0.03","1,733,745.39","1,369,331.00","1.27","India","National Stock Exchange Of India","INR"
"323410","KAKAOBANK CORP","Financials","Equity","1,722,904.67","0.02","1,722,904.67","118,350.00","14.56","Korea (South)","Korea Exchange (Stock Market)","KRW"
"LTM","LTM LTD","Information Technology","Equity","1,719,328.41","0.02","1,719,328.41","43,570.00","39.46","India","National Stock Exchange Of India","INR"
"SHREECEM","SHREE CEMENT LTD","Materials","Equity","1,717,018.56","0.02","1,717,018.56","6,109.00","281.06","India","National Stock Exchange Of India","INR"
"NHPC","NHPC LTD","Utilities","Equity","1,698,259.33","0.02","1,698,259.33","2,008,208.00","0.85","India","National Stock Exchange Of India","INR"
"ZAB","ZABKA GROUP SOCIETE ANONYME SA","Consumer Staples","Equity","1,687,901.76","0.02","1,687,901.76","227,094.00","7.43","Poland","Warsaw Stock Exchange/Equities/Main Market","PLN"
"SAHOL.E","HACI OMER SABANCI HOLDING A","Financials","Equity","1,645,465.33","0.02","1,645,465.33","814,945.00","2.02","Turkey","Istanbul Stock Exchange","TRY"
"PGE","PGE POLSKA GRUPA ENERGETYCZNA SA","Utilities","Equity","1,640,674.24","0.02","1,640,674.24","638,646.00","2.57","Poland","Warsaw Stock Exchange/Equities/Main Market","PLN"
"532483","CANARA BANK LTD","Financials","Equity","1,636,916.70","0.02","1,636,916.70","1,225,564.00","1.34","India","Bse Ltd","INR"
"PETRONET","PETRONET LNG LTD","Energy","Equity","1,634,844.55","0.02","1,634,844.55","564,168.00","2.90","India","National Stock Exchange Of India","INR"
"ENELCHILE","ENEL CHILE SA","Utilities","Equity","1,623,262.56","0.02","1,623,262.56","18,462,109.00","0.09","Chile","Santiago Stock Exchange","CLP"
"GRUMAB","GRUMA","Consumer Staples","Equity","1,622,258.14","0.02","1,622,258.14","101,035.00","16.06","Mexico","Bolsa Mexicana De Valores","MXN"
"UNIONBANK","UNION BANK OF INDIA LTD","Financials","Equity","1,616,815.29","0.02","1,616,815.29","944,051.00","1.71","India","National Stock Exchange Of India","INR"
"COROMANDEL","COROMANDEL INTERNATIONAL LTD","Materials","Equity","1,615,946.96","0.02","1,615,946.96","75,644.00","21.36","India","National Stock Exchange Of India","INR"
"OIL","OIL INDIA LTD","Energy","Equity","1,615,333.96","0.02","1,615,333.96","364,426.00","4.43","India","National Stock Exchange Of India","INR"
"WARBABANK","WARBABANK","Financials","Equity","1,613,134.61","0.02","1,613,134.61","1,806,769.00","0.89","Kuwait","Kuwait Stock Exchange","KWD"
"4250","JABAL OMAR DEVELOPMENT","Consumer Discretionary","Equity","1,604,349.13","0.02","1,604,349.13","388,876.00","4.13","Saudi Arabia","Saudi Stock Exchange","SAR"
"PIIND","P.I. INDUSTRIES LTD","Materials","Equity","1,589,924.65","0.02","1,589,924.65","57,218.00","27.79","India","National Stock Exchange Of India","INR"
"MONET","MONETA MONEY BNK","Financials","Equity","1,583,855.60","0.02","1,583,855.60","176,085.00","8.99","Czech Republic","Prague Stock Exchange","CZK"
"CPF.R","CHAROEN POKPHAND FOODS NON-VOTING","Consumer Staples","Equity","1,572,657.66","0.02","1,572,657.66","2,505,100.00","0.63","Thailand","Stock Exchange Of Thailand","THB"
"INDIANB","INDIAN BANK","Financials","Equity","1,557,838.19","0.02","1,557,838.19","185,680.00","8.39","India","National Stock Exchange Of India","INR"
"JSL","JINDAL STAINLESS LTD","Materials","Equity","1,551,336.92","0.02","1,551,336.92","211,602.00","7.33","India","National Stock Exchange Of India","INR"
"SM","SM INVESTMENTS CORP","Industrials","Equity","1,535,977.54","0.02","1,535,977.54","158,580.00","9.69","Philippines","Philippine Stock Exchange Inc.","PHP"
"IOICORP","IOI CORPORATION","Consumer Staples","Equity","1,511,142.23","0.02","1,511,142.23","1,434,000.00","1.05","Malaysia","Bursa Malaysia","MYR"
"TM","TELEKOM MALAYSIA","Communication","Equity","1,501,468.93","0.02","1,501,468.93","809,600.00","1.85","Malaysia","Bursa Malaysia","MYR"
"ISCTR.E","TURKIYE IS BANKASI C","Financials","Equity","1,501,150.62","0.02","1,501,150.62","4,944,263.00","0.30","Turkey","Istanbul Stock Exchange","TRY"
"000100","YUHAN CORP","Health Care","Equity","1,494,871.50","0.02","1,494,871.50","32,454.00","46.06","Korea (South)","Korea Exchange (Stock Market)","KRW"
"MAXIS","MAXIS","Communication","Equity","1,486,960.21","0.02","1,486,960.21","1,744,500.00","0.85","Malaysia","Bursa Malaysia","MYR"
"MBT","METROPOLITAN BANK AND TRUST CO","Financials","Equity","1,452,685.56","0.02","1,452,685.56","1,345,980.00","1.08","Philippines","Philippine Stock Exchange Inc.","PHP"
"090430","AMOREPACIFIC CORP","Consumer Staples","Equity","1,441,728.08","0.02","1,441,728.08","18,181.00","79.30","Korea (South)","Korea Exchange (Stock Market)","KRW"
"AC","AYALA CORP","Industrials","Equity","1,438,016.99","0.02","1,438,016.99","183,730.00","7.83","Philippines","Philippine Stock Exchange Inc.","PHP"
"BSE","BSE LTD","Financials","Equity","1,434,058.07","0.02","1,434,058.07","35,781.00","40.08","India","National Stock Exchange Of India","INR"
"1020","BANK ALJAZIRA","Financials","Equity","1,433,063.36","0.02","1,433,063.36","460,272.00","3.11","Saudi Arabia","Saudi Stock Exchange","SAR"
"2615","WAN HAI LINES LTD","Industrials","Equity","1,431,639.96","0.02","1,431,639.96","552,945.00","2.59","Taiwan","Taiwan Stock Exchange","TWD"
"TATACOMM","TATA COMMUNICATIONS LTD","Communication","Equity","1,393,571.39","0.02","1,393,571.39","69,600.00","20.02","India","National Stock Exchange Of India","INR"
"BRPT","BARITO PACIFIC","Materials","Equity","1,390,519.01","0.02","1,390,519.01","16,807,957.00","0.08","Indonesia","Indonesia Stock Exchange","IDR"
"ZYDUSLIFE","ZYDUS LIFESCIENCES LTD","Health Care","Equity","1,386,494.81","0.02","1,386,494.81","115,757.00","11.98","India","National Stock Exchange Of India","INR"
"BDX","BUDIMEX SA","Industrials","Equity","1,369,277.82","0.02","1,369,277.82","6,924.00","197.76","Poland","Warsaw Stock Exchange/Equities/Main Market","PLN"
"1111","SAUDI TADAWUL GROUP CO","Financials","Equity","1,340,803.92","0.02","1,340,803.92","37,908.00","35.37","Saudi Arabia","Saudi Stock Exchange","SAR"
"TTB.R","TMBTHANACHART BANK NON-VOTING DR P","Financials","Equity","1,331,563.23","0.02","1,331,563.23","17,233,601.00","0.08","Thailand","Stock Exchange Of Thailand","THB"
"034220","LG DISPLAY LTD","Information Technology","Equity","1,325,720.14","0.02","1,325,720.14","183,038.00","7.24","Korea (South)","Korea Exchange (Stock Market)","KRW"
"UNTR","UNITED TRACTORS","Energy","Equity","1,319,665.74","0.02","1,319,665.74","987,000.00","1.34","Indonesia","Indonesia Stock Exchange","IDR"
"SUPREMEIND","SUPREME INDUSTRIES LTD","Industrials","Equity","1,312,568.99","0.02","1,312,568.99","38,713.00","33.91","India","National Stock Exchange Of India","INR"
"MABANEE","MABANEE COMPANY","Real Estate","Equity","1,241,942.18","0.02","1,241,942.18","418,818.00","2.97","Kuwait","Kuwait Stock Exchange","KWD"
"2290","YANBU NATIONAL PETROCHEMICALS","Materials","Equity","1,239,537.68","0.02","1,239,537.68","158,947.00","7.80","Saudi Arabia","Saudi Stock Exchange","SAR"
"ALI","AYALA LAND INC","Real Estate","Equity","1,211,196.74","0.02","1,211,196.74","4,818,900.00","0.25","Philippines","Philippine Stock Exchange Inc.","PHP"
"QEWS","NEBRAS ENERGY","Utilities","Equity","1,194,408.06","0.02","1,194,408.06","303,478.00","3.94","Qatar","Qatar Exchange","QAR"
"047050","POSCO INTERNATIONAL CORP","Industrials","Equity","1,190,889.82","0.02","1,190,889.82","36,920.00","32.26","Korea (South)","Korea Exchange (Stock Market)","KRW"
"MPHC","MESAIEED PETROCHEMICAL HOLDING","Materials","Equity","1,189,895.21","0.02","1,189,895.21","3,751,003.00","0.32","Qatar","Qatar Exchange","QAR"
"MER","MANILA ELECTRIC","Utilities","Equity","1,160,296.27","0.02","1,160,296.27","123,960.00","9.36","Philippines","Philippine Stock Exchange Inc.","PHP"
"4100","MAKKAH CONSTRUCTION AND DEVELOPMEN","Real Estate","Equity","1,149,918.63","0.02","1,149,918.63","50,145.00","22.93","Saudi Arabia","Saudi Stock Exchange","SAR"
"BALKRISIND","BALKRISHNA INDUSTRIES LTD","Consumer Discretionary","Equity","1,088,894.28","0.02","1,088,894.28","46,700.00","23.32","India","National Stock Exchange Of India","INR"
"0126Z0","SAMSUNG EPIS HOLDINGS LTD","Health Care","Equity","1,044,792.59","0.02","1,044,792.59","3,834.00","272.51","Korea (South)","Korea Exchange (Stock Market)","KRW"
"SBICARD","SBI CARDS & PAYMENT SERVICES LTD","Financials","Equity","1,036,346.59","0.02","1,036,346.59","163,446.00","6.34","India","National Stock Exchange Of India","INR"
"ASTRAL","ASTRAL LTD","Industrials","Equity","1,034,610.38","0.01","1,034,610.38","71,136.00","14.54","India","National Stock Exchange Of India","INR"
"7202","ARABIAN INTERNET AND COMMUNICATION","Information Technology","Equity","1,028,778.35","0.01","1,028,778.35","19,056.00","53.99","Saudi Arabia","Saudi Stock Exchange","SAR"
"BRMS","BUMI RESOURCES MINERALS","Materials","Equity","1,022,475.84","0.01","1,022,475.84","36,854,300.00","0.03","Indonesia","Indonesia Stock Exchange","IDR"
"QFLS","QATAR FUEL","Energy","Equity","1,019,319.97","0.01","1,019,319.97","265,096.00","3.85","Qatar","Qatar Exchange","QAR"
"4263","SAL SAUDI LOGISTICS SERVICE CO","Industrials","Equity","1,008,499.09","0.01","1,008,499.09","21,551.00","46.80","Saudi Arabia","Saudi Stock Exchange","SAR"
"DUBK","DUKHAN BANK","Financials","Equity","997,456.56","0.01","997,456.56","1,093,568.00","0.91","Qatar","Qatar Exchange","QAR"
"MLIFT","CASH COLLATERAL USD MLIFT","Cash and/or Derivatives","Cash Collateral and Margins","976,000.00","0.01","976,000.00","976,000.00","100.00","United States","-","USD"
"4002","AL MOUWASAT MEDICAL SERVICES","Health Care","Equity","970,898.56","0.01","970,898.56","58,093.00","16.71","Saudi Arabia","Saudi Stock Exchange","SAR"
"CPIN","CHAROEN POKPHAND INDONESIA","Consumer Staples","Equity","935,221.84","0.01","935,221.84","5,450,400.00","0.17","Indonesia","Indonesia Stock Exchange","IDR"
"2382","ADES HOLDING CO","Energy","Equity","899,850.62","0.01","899,850.62","179,045.00","5.03","Saudi Arabia","Saudi Stock Exchange","SAR"
"ICICIPRULI","ICICI PRUDENTIAL LIFE INSURANCE CO","Financials","Equity","854,761.55","0.01","854,761.55","167,742.00","5.10","India","National Stock Exchange Of India","INR"
"IDR","IDR CASH","Cash and/or Derivatives","Cash","753,095.65","0.01","753,095.65","13,518,066,848.00","0.01","Indonesia","-","IDR"
"TEL","PLDT INC","Communication","Equity","708,642.76","0.01","708,642.76","37,175.00","19.06","Philippines","Philippine Stock Exchange Inc.","PHP"
"032640","LG UPLUS CORP","Communication","Equity","685,240.12","0.01","685,240.12","73,755.00","9.29","Korea (South)","Korea Exchange (Stock Market)","KRW"
"TMGH","TALAAT MOUSTAFA GROUP","Real Estate","Equity","640,455.67","0.01","640,455.67","333,216.00","1.92","Egypt","Egyptian Exchange","EGP"
"MYR","MYR CASH","Cash and/or Derivatives","Cash","547,860.65","0.01","547,860.65","2,230,341.00","24.56","Malaysia","-","MYR"
"EAST","EASTERN CO.","Consumer Staples","Equity","544,861.59","0.01","544,861.59","715,750.00","0.76","Egypt","Egyptian Exchange","EGP"
"PHP","PHP CASH","Cash and/or Derivatives","Cash","512,189.98","0.01","512,189.98","31,463,830.00","1.63","Philippines","-","PHP"
"COP","COP CASH","Cash and/or Derivatives","Cash","442,352.94","0.01","442,352.94","1,476,574,105.00","0.03","Colombia","-","COP"
"CZK","CZK CASH","Cash and/or Derivatives","Cash","433,834.04","0.01","433,834.04","9,168,800.00","4.73","Czech Republic","-","CZK"
"STNE","STONECO LTD CLASS A","Financials","Equity","397,238.71","0.01","397,238.71","35,563.00","11.17","Brazil","NASDAQ","USD"
"HUF","HUF CASH","Cash and/or Derivatives","Cash","383,293.49","0.01","383,293.49","118,346,159.00","0.32","Hungary","-","HUF"
"EUR","EUR CASH","Cash and/or Derivatives","Cash","368,862.20","0.01","368,862.20","322,362.00","114.43","European Union","-","EUR"
"MXN","MXN CASH","Cash and/or Derivatives","Cash","350,593.64","0.01","350,593.64","6,126,939.00","5.72","Mexico","-","MXN"
"TRY","TRY CASH","Cash and/or Derivatives","Cash","325,932.34","0.00","325,932.34","15,254,530.00","2.14","Turkey","-","TRY"
"AED","AED CASH","Cash and/or Derivatives","Cash","309,950.17","0.00","309,950.17","1,138,369.00","27.23","United Arab Emirates","-","AED"
"ZAR","ZAR CASH","Cash and/or Derivatives","Cash","293,395.50","0.00","293,395.50","4,757,408.00","6.17","South Africa","-","ZAR"
"QAR","QAR CASH","Cash and/or Derivatives","Cash","194,057.92","0.00","194,057.92","706,565.00","27.46","Qatar","-","QAR"
"CLP","CLP CASH","Cash and/or Derivatives","Cash","185,619.19","0.00","185,619.19","171,170,593.00","0.11","Chile","-","CLP"
"KWD","KWD CASH","Cash and/or Derivatives","Cash","177,632.78","0.00","177,632.78","55,111.00","322.32","Kuwait","-","KWD"
"SAR","SAR CASH(COMMITTED)","Cash and/or Derivatives","Cash","134,859.88","0.00","134,859.88","506,345.00","26.63","Saudi Arabia","-","SAR"
"GBP","GBP CASH","Cash and/or Derivatives","Cash","95,478.47","0.00","95,478.47","71,479.00","133.58","United Kingdom","-","GBP"
"THB","THB CASH","Cash and/or Derivatives","Cash","40,129.86","0.00","40,129.86","1,329,603.00","3.02","Thailand","-","THB"
"EGP","EGP CASH","Cash and/or Derivatives","Cash","7,194.51","0.00","7,194.51","353,466.00","2.04","Egypt","-","EGP"
"PLN","PLN/USD","Cash and/or Derivatives","FX","2,658.20","0.00","2,658.20","-6,560,667.00","1.00","United States","-","USD"
"BRL","BRL CASH","Cash and/or Derivatives","Cash","0.17","0.00","0.17","1.00","19.33","Brazil","-","BRL"
"RUB","RUB CASH","Cash and/or Derivatives","Cash","200.25","0.00","200.25","15,399.00","1.30","Russian Federation","-","RUB"
"VTBR","BANK VTB","Financials","Equity","0.00","0.00","0.00","3,453.00","0.00","Russian Federation","Standard-Classica-Forts","RUB"
"PLZL","POLYUS","Materials","Equity","0.03","0.00","0.03","2,180.00","0.00","Russian Federation","Standard-Classica-Forts","RUB"
"PHOR","PHOSAGRO","Materials","Equity","0.04","0.00","0.04","306.00","0.00","Russian Federation","Standard-Classica-Forts","RUB"
"OZON","OZON HOLDINGS ADR PLC","Consumer Discretionary","Equity","0.04","0.00","0.04","327.00","0.00","Russian Federation","Standard-Classica-Forts","RUB"
"GMKN","GMK NORILSKIY NIKEL","Materials","Equity","0.05","0.00","0.05","40,700.00","0.00","Russian Federation","Standard-Classica-Forts","RUB"
"PHOR","PJSC PHOSAGRO GDR","Materials","Equity","0.06","0.00","0.06","6.00","0.01","Russian Federation","London Stock Exchange","USD"
"TCSG","TCS GROUP HOLDING REPR CLASS A RE","Financials","Equity","0.10","0.00","0.10","774.00","0.00","Russian Federation","Standard-Classica-Forts","RUB"
"FIVE","X5 RETAIL GROUP GDR NV","Consumer Staples","Equity","0.10","0.00","0.10","799.00","0.00","Russian Federation","Standard-Classica-Forts","RUB"
"VKCO","VK COMPANY LTD","Communication","Equity","0.10","0.00","0.10","774.00","0.00","Russian Federation","Standard-Classica-Forts","RUB"
"CHMF","SEVERSTAL","Materials","Equity","0.16","0.00","0.16","1,259.00","0.00","Russian Federation","Standard-Classica-Forts","RUB"
"LKOH","NK LUKOIL","Energy","Equity","0.34","0.00","0.34","2,633.00","0.00","Russian Federation","Standard-Classica-Forts","RUB"
"NVTK","NOVATEK","Energy","Equity","0.75","0.00","0.75","5,740.00","0.00","Russian Federation","Standard-Classica-Forts","RUB"
"MTSS","MOBILNYE TELESISTEMY","Communication","Equity","0.76","0.00","0.76","5,878.00","0.00","Russian Federation","Standard-Classica-Forts","RUB"
"ROSN","NK ROSNEFT","Energy","Equity","0.97","0.00","0.97","7,439.00","0.00","Russian Federation","Standard-Classica-Forts","RUB"
"TATN","TATNEFT","Energy","Equity","1.18","0.00","1.18","9,096.00","0.00","Russian Federation","Standard-Classica-Forts","RUB"
"NLMK","NOVOLIPETSK STEEL","Materials","Equity","1.23","0.00","1.23","9,492.00","0.00","Russian Federation","Standard-Classica-Forts","RUB"
"MOEX","MOSCOW EXCHANGE","Financials","Equity","1.23","0.00","1.23","9,487.00","0.00","Russian Federation","Standard-Classica-Forts","RUB"
"ALRS","AK ALROSA","Materials","Equity","2.19","0.00","2.19","16,862.00","0.00","Russian Federation","Standard-Classica-Forts","RUB"
"RUAL","UNITED COMPANY RUSAL","Materials","Equity","2.51","0.00","2.51","19,338.00","0.00","Russian Federation","Standard-Classica-Forts","RUB"
"SNGSP","SURGUTNEFTEGAZ PREF","Energy","Equity","5.85","0.00","5.85","44,976.00","0.00","Russian Federation","Standard-Classica-Forts","RUB"
"SNGS","SURGUTNEFTEGAZ","Energy","Equity","6.02","0.00","6.02","46,331.00","0.00","Russian Federation","Standard-Classica-Forts","RUB"
"SBER","SBERBANK ROSSII","Financials","Equity","8.96","0.00","8.96","68,878.00","0.00","Russian Federation","Standard-Classica-Forts","RUB"
"GAZP","GAZPROM","Energy","Equity","9.80","0.00","9.80","75,330.00","0.00","Russian Federation","Standard-Classica-Forts","RUB"
"IRAO","INTER RAO EES","Utilities","Equity","32.38","0.00","32.38","249,003.00","0.00","Russian Federation","Standard-Classica-Forts","RUB"
"MESU6","MSCI EMER MKT INDEX (ICE) SEP 26","Cash and/or Derivatives","Futures","0.00","0.00","22,759,940.00","262.00","1,737.40","-","Ice Futures U.S.","USD"
 